text,translated,backtranslated,similarity_score
Ablekuma North Parliament Election: The implication of NDC's Ewurabena Aubynn's win.,Ìdìbò Ilé Ìgbìmọ̀ Aṣòfin Ablekuma North: Ìyọrísí ìṣẹ́gun Ewurabena Aubynn ti NDC.,Ablekuma North Assembly Election: The result was a victory for Ewurabena Aubynn of the NDC.,0.8871855735778809
Asante Kotoko's game against Kwara United won't be a walkover – Sarfo Duku.,"Ikọ̀ Asante Kotoko kò ní lè gba ààyè láti lọ síbi tí wọ́n bá fẹ́ lọ, bí wọn bá ń bá Kwara United jà  Sarfo Duku.",Asante Kotoko will not be able to get a free transfer if they play Kwara United at Sarfo Duku.,0.7041898369789124
At least 13 drown fleeing armed men in northwest Nigeria.,Ó kéré tán àwọn ọkùnrin mẹ́tàlá tí wọ́n ń sá lọ ní àríwá ìwọ̀ oòrùn Nàìjíríà ló rì sínú omi.,At least 13 men drowned while trying to flee northwestern Nigeria.,0.8965402841567993
Kumawu MP urges Parliament to act on crisis in Ghana’s prisons.,Aṣojú ìjọba Kumawu rọ ilé ìgbìmọ̀ aṣòfin láti gbé ìgbésẹ̀ lórí ìṣòro tó wà nínú ọgbà ẹ̀wọ̀n Ghana.,The Kumawu government representative urged parliament to take action on the prison crisis in Ghana.,0.8957704901695251
"Diddy declines to testify, praises judge as sex trafficking trial nears end.","Diddy kò gbà láti jẹ́rìí, ó ń yin adájọ́ bí ẹjọ́ nípa ìfipábánilòpọ̀ ṣe ń sún mọ́ òpin.","Diddy refuses to testify, praising the judge as the rape case nears its end.",0.7737463116645813
'Asibolanga' and all the 2022 beef songs that took the internet by storm.,'Asibolanga' àti gbogbo orin ẹran ọ̀sìn ọdún 2022 tí ó gba ayélujára lọ́wọ́ ìjì.,'Asibolanga' and all the animal songs of 2022 that took the internet by storm.,0.8725205659866333
'Act now before the situation deteriorates' – NDC Spain branch tells Mahama amid rising 'insecurity’.,'Ṣe nkan báyìí kí ipò náà tó bàjẹ́'  Ẹ̀ka NDC Spain sọ fún Mahama ní àárín 'àìní ààbò' tó ń pọ̀ sí i.,'Do something now before the situation gets worse' NDC Spain urges Mahama amid growing 'insecurity'.,0.8358315229415894
Was Jose Mourinho right?: Unpacking the lows of Dele Alli’s football career.,Ṣé Jose Mourinho tòótọ́?: Ó ń tú àwọn ìsàlẹ̀ òkè nínú eré-ìdárayá Dele Alli?,Is Jose Mourinho real?: He is tearing up the mountains in Dele Alli's game?,0.7098163366317749
Rema's Calm Down falls off Billboard Hot 100 after setting new record.,Calm Down ti Rema ṣubu kuro ni Billboard Hot 100 lẹhin ti o ṣeto igbasilẹ tuntun.,Rema's Calm Down dropped off the Billboard Hot 100 after setting a new record.,0.9781920909881592
'I have always wanted a girl' - Rihanna opens up on pressure of raising two sons.,'Ọmọbìnrin ni mo máa ń fẹ́' - Rihanna sọ bó ṣe ń ṣe é tó bá di pé kóun tọ́ ọmọkùnrin méjì.,'I want a girl' - Rihanna describes what it's like to raise two boys.,0.8531294465065002
Adjusted level 2: Presido announce new restrictions for South Africa to contain Coronavirus.,Ipele ti a ṣatunṣe 2: Ààrẹ kéde àwọn ìkálọ́wọ́kò tuntun fún Gúúsù Áfíríkà láti dènà Coronavirus.,Amended Level 2: The President announces new restrictions for South Africa to prevent Coronavirus.,0.8624304533004761
'What kind of nonsense is that?' - Prophet descends on GRNMA.,'Èwo nínú òmùgọ̀ ni èyí?' - Àlùfáà sọ̀rọ̀ lórí GRNMA.,'What kind of foolishness is this?' - Priest on GRNMA.,0.7166366577148438
2023 AFCON: Ivory Coast Cote coach slams Nigeria for being overly defensive.,2023 AFCON: Olùkọ́ ilé ẹ̀kọ́ Ivory Coast Cote bẹnu àtẹ́ lu Nàìjíríà fún dídáàbòbò jù.,2023 AFCON: Ivory Coast coach Cote criticizes Nigeria for being too defensive.,0.9356572031974792
DKB and DJ Slim lock horns online.,DKB àti DJ Slim ti fi ìwo wọn sí ìkànnì.,DKB and DJ Slim have posted their horns online.,0.8699891567230225
"Dr Apostle Amagashie warns men against popular lovemaking position, cites stroke risk.","Dókítà Apostle Amagashie kìlọ̀ fún àwọn ọkùnrin nípa ipò tí ó gbajúmọ̀ fún ìbálòpọ̀, ó méfò ewu àrùn rọpárọsẹ̀.","Dr. Apostle Amagashie warned men about the popularity of sex, warning of the risk of stroke.",0.8319154381752014
Police arrest alleged serial motorbike thief.,Àwọn ọlọ́pàá mú ẹni tí wọ́n sọ pé ó ń jí alùpùpù alùpùpù kiri.,Police arrested the suspected motorcycle thief.,0.7913413047790527
"FIFA imposes transfer ban on Hearts of Oak over unsettled $150,000 debt.","FIFA fi òfin de àwọn òṣèré Hearts of Oak lórí gbèsè tí kò tíì san tó $150,000.","FIFA suspended the Hearts of Oak players for unpaid debts of $150,000.",0.7926287651062012
'Mickey Mouse' boxer toasts Cape Verde's first Olympic medal.,'Awọn agbọnrin Mickey' ṣe ayẹyẹ fun Cape Verde fun ami ẹyẹ Olimpiiki akọkọ wọn.,'Mickey's band' celebrates Cape Verde for their first Olympic medal.,0.7217267155647278
APP leader reacts after court throws out injunction against Akwatia by-election.,Olórí APP fèsì lẹ́yìn tí ilé ẹjọ́ ti kọ àṣẹ ìkọ̀sílẹ̀ sí ìdìbò àbò Akwatia.,APP chief responds after court rejects divorce order against Akwatia constituency,0.6850616931915283
"Igbo leader addresses land acquisition allegations, apologises to Ghanaians.","Olórí Ìgbo sọ̀rọ̀ lórí ẹ̀sùn ìkó ilẹ̀, ó tọrọ àforíjì lọ́wọ́ àwọn ará Ghana.","Igbo chief spoke out against the land grabbing allegations, apologizing to Ghanaians.",0.8900032043457031
Bukom Arena gets face-lift to host Basketball games.,Àgbàlá Bukom Arena ń ṣe àtúnṣe ojú láti gba àwọn eré bọ́ọ̀lù bọ́ọ̀lù àfẹsẹ̀gbá.,Bukom Arena is undergoing renovations to host basketball games.,0.7956407070159912
"Afenyo-Markin apologises to Prof Ayensu-Danquah over 'strangely, you get a ministerial appointment' comment.",Afenyo-Markin tọrọ àforíjì lọ́wọ́ Ọ̀jọ̀gbó Ayensu-Danquah lórí ọ̀rọ̀ tó sọ pé 'ó yani lẹ́nu pé wọ́n yàn ọ́ sípò minisita.',Afenyo-Markin apologized to Prof. Ayensu-Danquah for saying that 'it was a surprise that you were appointed to the post of minister.',0.8426650166511536
Asawa National Open Championship slated for June 19.,Àkójọ ìdíje Asawa National Open Championship tí a yàn fún June 19.,The Asawa National Open Championship is scheduled for June 19.,0.972741425037384
LIVESTREAMED: Kwaku Dawuro presents The Movement in the Morning Political Show.,ÀKỌ́SÍ ÀKỌ́SÍ: Kwaku Dawuro ń gbé Ìṣesí Ìṣèlú Ìṣèlú Ìṣèlú Ìṣèlú Ìṣèlú Ìṣèlú Ìṣèlú Ìṣèlú Ìṣèlú Ìṣèlú Ìṣèlú Ìṣèlú Ìṣèlú Ìṣèlú Ìṣèlú Ìṣèlú Ìṣèlú Ìṣèlú Ìṣèlú Ìṣèlú Ìṣèlú Ìṣèlú Ìṣèlú Ìṣèlú Ìṣèlú Ìṣèlú Ìṣèlú Ìṣèlú Ìṣèlú Ìṣèlú Ìṣèlú Ìṣèlú Ìṣèlú Ìṣèlú Ìṣèlú Ìṣèlú Ìṣèlú Ìṣèlú Ìṣèlú Ìṣèlú Ìṣèlú Ìṣèlú Ìṣèlú Ìṣèlú Ìṣèlú Ìṣèlú Ìṣèlú Ìṣèlú Ìṣèlú Ìṣèlú Ìṣèlú Ìṣèlú Ìṣèlú Ìṣèlú Ìṣèlú Ìṣèlú Ìṣèlú Ìṣèlú Ìṣèlú Ìṣèlú Ìṣèlú Ìṣèlú Ìṣèlú Ìṣèlú Ìṣèlú Ìṣèlú Ìṣèlú Ìṣèlú Ìṣèlú Ìṣèlú Ìṣèlú Ìṣèlú Ìṣèlú Ìṣèlú Ìṣèlú Ìṣèlú Ìṣèlú Ìṣèlú Ìṣèlú Ìṣèlú Ìṣèlú Ìṣèlú Ìṣèlú Ìṣèlú Ìṣèlú Ìṣèlú Ìṣèlú Ìṣèlú Ìṣèlú Ìṣèlú Ìṣèlú,KWAKWAKWAKWAKWAKWAKWAKWAKWAKWAKWAKWAKWAKWAKWAKWAKWAKWAKWAKWAKWAKWAKWAKWAKWAKWAKWAKWAKWAKWAKWAKWAKWAKWAKWAKWAKWAKWAKWAKWAKWAKWAKWAKWAKWAKWAKWAKWAKWAKWAKWAKWAKWAKWAKWAKWAKWAKWAKWAKWAKWAKWAKWAKWAKWAKWAKWAKWAKWAKWAKWAKWAKWAKWAKWAKWAKWAKWAKWAKWAKWAKWAKWAKWAKWAKWAKWAKWAKWAKWAKWAKWAKWAKWAKWAKWAKWAKWAKWAKWAKWAKWAKWAKWAKWAKWAKWAKWAKWAKWAKWAKWAKWAKWAKWAKWAKWAKWAKWAKWAKWAKWAKWAKWAKWAKWAKWAKWAKWAKWAKWAKWAKWAKWAKWAKWAKWAKWAKWAKWAKWAKWAKWAKWAKWAKWAKWAKWAKWAKWAKWAKWAKWAKWAKWAKWAKWAKWAKWAKWAKWAKWAKWAKWAKWAKWAKWAKWAKWAKWAKWAKWAKWAKWAKWAKWAKWAKWAKWAKWAKWAKWAKWAKWAKWAKWAKWAKWAKWAKWAKWAKWAKWAKWAKWAKWAKWAKWAKWAKWAKWAKWAKWAKWAKWAKWAKWAKWAKWAKWAKWAKWAKWAKWAKWAKWAKWAKWAKWAKWAKWAKWAKWAKWAKWAKWAKWAKWAKWAKWAKWAKWAKWAKWAKWAKWAKWAKWAKWAKWAKWAKWAKWAKWAKWAKWAKWAKWAKWAKWAKWAKWAKWAKWAKWA,0.08673073351383209
"'God willing, I will receive my Lamborghini; I have documents to prove it's mine’ - Shatta Wale.","'Ọlọ́run bá fẹ́, màá gba Lamborghini mi; mo ní ìwé tó fi hàn pé tèmi ni' - Shatta Wale.","'God willing, I will get my Lamborghini; I have a certificate that says it is mine' - Shatta Wale.",0.9258685111999512
"Helicopter Crash: Ibrahim Mahama offers to clear the debts of Dr Murtala, Alhaji Muniru.","Ìjàǹbá ọkọ̀ òfúrufú: Ibrahim Mahama ṣèlérí láti san gbèsè tí Dókítà Murtala, Alhaji Muniru jẹ́.","The plane crash: Ibrahim Mahama promises to pay the debt owed by Dr. Murtala, Alhaji Muniru.",0.8727864027023315
Tennis legend Rafael Nadal to retire in November.,Ògún tẹnísì Rafael Nadal yóò fẹ̀yìn tì ní oṣù kọkànlá.,Tennis great Rafael Nadal will retire in November.,0.9629179835319519
Enforce maternity-friendly workplace policies - Samuel Atidzah.,Ṣe àfikún ìlànà ibi iṣẹ́ tó bá tọ́ sí ìbí - Samuel Atidzah.,Add the rule of the place of work to the birth - Samuel Atidzah.,0.591738760471344
GEC Open returns to Ghana.,GEC Open padà sí Ghana.,The GEC Open returned to Ghana.,0.9459337592124939
'From dawn raid to helping with investigation to arraignment' - Azar calls out IGP over arrest of NPP activist.,'Láti ìkọlù àárọ̀ títí dé ìrànlọ́wọ́ nínú ìwádìí títí dé ìgbéjọ́' - Azar ké sí IGP lórí ìmúkúrò àwọn òṣìṣẹ́ NPP.,'From morning raid to help in investigation to trial' - Azar appeals to IGP on NPP officers' removal,0.8029274344444275
Home-based Ghana players seek more opportunities after good outing against South Africa.,Àwọn agbábọ́ọ̀lù Ghana tí wọ́n ń gbé ní ilé wọn ń wá àwọn àyè púpọ̀ sí i lẹ́yìn tí wọ́n ṣe dáadáa ní South Africa.,Ghana's home team is looking for more opportunities after their good performances in South Africa.,0.9112988710403442
Akwatia By-Election: We cannot be intimidated - NPP’s Haruna Mohammed.,Akwatia By-Election: A kò le jẹ́ kí wọ́n dẹ́rù bà wá - NPP s Haruna Mohammed.,Akwatia By-Election: We cannot allow them to intimidate us - NPP's Haruna Mohammed,0.902268648147583
Some top Ghanaian musicians who ditched secular music for ministry.,Àwọn gbajúgbajà olórin ará Gánà kan tí wọ́n fi orin ayé sílẹ̀ nítorí iṣẹ́ òjíṣẹ́.,Some Ghanaian musicians who gave up the world of music for the ministry.,0.8665255904197693
Joseph Awinongya Jr emerges as number 1 boxer in the USA in top 6 u-20 amateur boxers.,Joseph Awinongya Jr. di oludije nọmba 1 ni Amẹrika ninu awọn oludije ẹlẹsin ẹlẹsin ẹlẹsin mẹfa ti o wa labẹ ọdun 20.,Joseph Awinongya Jr. became the number 1 ranked amateur in the United States out of six amateur boxing competitors under the age of 20.,0.8545573353767395
Amenfi Central set for major road overhaul.,Àárín gbùngbùn Amenfi ti ṣètò fún àtúnṣe ojú ọ̀nà ńlá.,The center of Amenfi has planned the reconstruction of the main road.,0.8001148104667664
Bui Power nets $64.,Owó tó ń wọlé fún Bui Power jẹ́ $64.,Bui Power's income is $64.,0.6393300294876099
"GCTU warns against defamatory publications, threatens legal action.","GCTU kìlọ̀ nípa àwọn ìwé tó ń ba orúkọ ẹni jẹ́, ó sì halẹ̀ mọ́ pé àwọn máa gbé ìgbésẹ̀ ẹjọ́.",The GCTU warned against defamatory publications and threatened legal action.,0.960421621799469
American porn star Nasir sends message to Shugatiti as ‘orgasm’ challenge delays.,Òṣèré oníhòòhò ará Amẹ́ríkà Nasir ránṣẹ́ sí Shugatiti bí orgasm challenge delay.,American porn actress Nasir posted to Shugatiti as an orgasm delay challenge.,0.9124727845191956
I won 'contentious' unannounced 2019 VGMA Artiste of the Year Award - Stonebwoy claims.,Mo gba 'àríyànjiyàn' tí a kò kéde 2019 VGMA Artiste of the Year Award - Stonebwoy sọ pé.,I won the controversial unannounced 2019 VGMA Artist of the Year Award - Stonebwoy said.,0.8645423650741577
Helicopter Crash: 'You have not won; Christ has' – Wife of Sergeant Mensah shames death.,Ìjàpá Helicopter: 'Ìwọ kò ṣẹ́gun; Kristi ló ṣẹ́gun'  Ìyàwó Sẹ́sátán Mensah ń fi ikú ṣe ìtìjú.,Helicopter attack: 'You did not win; Christ won' Satan Mensah's wife is shamed by death.,0.8186823725700378
'He took me in and mentored me' - Ofori Amponsah delivers a heartfelt tribute to Daddy Lumba.,'Ó gbà mí wọlé ó sì tọ́ mi sọ́nà' - Ofori Amponsah fi ọ̀wọ̀ àtọkànwá fún Daddy Lumba.,'He welcomed me and guided me' - Ofori Amponsah has a heartfelt tribute to Daddy Lumba.,0.9439408779144287
'How can I enter a house with familiar spirits' - Appiah Danquah reacts to NPP's amnesty for members.,'Báwo ni mo ṣe lè wọlé pẹ̀lú àwọn ẹ̀mí tí mo mọ̀' - Appiah Danquah fèsì sí àánú tí NPP ṣe fún àwọn ọmọ ẹgbẹ́ rẹ̀.,'How can I enter with spirits I know' - Appiah Danquah responds to NPP's charity for her members.,0.8079283833503723
High cholesterol can cause black toes and feet – Health expert.,Àpò kọlísítà tó ga lè fa kí àwọn ọmọ ìka àti ẹsẹ̀ di dúdú  Ògbógi nínú ìlera.,High cholesterol can cause dark circles on the toes and toes.,0.7589146494865417
Rev.,Olùkọ́.,Teacher.,0.3068053126335144
Ato Forson backs calls for fair deal on Africa's $1.,Ato Forson ti ṣe àtìlẹyìn fún àdéhùn tó tọ́ lórí owó dólar kan tí Áfíríkà ń ná.,Ato Forson has supported a fair deal on the African dollar.,0.8306798934936523
"Homowo: Nii Okanta Ankrah II calls for unity, peace and teamwork.","Homowo: Nii Okanta Ankrah II pe fun iṣọkan, alaafia ati iṣẹ ẹgbẹ.","Homowo: Nii Okanta Ankrah II called for unity, peace and teamwork.",0.984460711479187
NPP would have still punished Akua Afriyie if she had won – Nana Akomea.,NPP ì bá ṣì fìyà jẹ Akua Afriyie bí ó bá ti ṣẹ́gun  Nana Akomea.,The NPP would still have punished Akua Afriyie if he had defeated Nana Akomea.,0.9474949836730957
A producer told me ‘Agya W’ahwe Me So’ was a terrible song with a horrible video – Rose Adjei.,Olùṣelọpọ kan sọ fún mi pé Agya Wahwe Me So jẹ orin tí kò dára rárá pẹ̀lú fídíò tí kò dára rárá Rose Adjei.,A producer told me that Agya Wahwe Me So is a very bad song with a very bad video by Rose Adjei.,0.9046838283538818
"NDC grassroots demand answers over helicopter crash, suspect foul play.","Àwọn ọmọ ẹgbẹ́ NDC ń béèrè ìdáhùn lórí ìjàmbá ọkọ̀ òfúrufú, wọ́n fura sí ìwà àìdáa.","NDC members demand answers on the plane crash, suspecting wrongdoing.",0.6944679021835327
Key takeaways from EOCO's statement on Shatta Wale's Lamborghini case.,Àwọn kókó pàtàkì láti inú àtẹ̀jáde EOCO lórí ọ̀ràn Lamborghini ti Shatta Wale.,Highlights from the EOCO press release on the Lamborghini case of Shatta Wale.,0.7378249168395996
FDA intercepts GH¢11.,Àjọ Ìṣègùn Àjẹsára gba GH11,GH11 is approved by the Society of Immunology,0.7407684326171875
Editorial by Ghanaian Times: Resolve outstanding issues to stem chaos!!.,Àkọlé láti Ghanaian Times: Yanjú àwọn ọ̀ràn tó wà nílẹ̀ láti dáwọ́ rúkèrúdò dúró!!.,Ghanaian Times: Solve the issues to stop the riots!!.,0.8102624416351318
Sharp rise in fire injuries and deaths in first half of 2025 by 33%  – GNFS.,Àìmọye àwọn tó fara pa nínú iná àti àwọn tó kú nínú iná lókè ní ìdá mẹ́ta nínú ọgọ́rùn-ún ọdún 2025  GNFS.,The number of fire-injured and fire-dead is expected to rise by 30% by 2025 GNFS.,0.84234219789505
Why we signed Mohammed Kudus – Tottenham coach Thomas Frank explains.,Ìdí tí a fi gba Mohammed Kudus  Olùkọ́ Tottenham Thomas Frank ṣàlàyé.,Why we accepted Mohammed Kudus Tottenham coach Thomas Frank explained.,0.8470929265022278
"'I love women if you don't understand, go to hell' - Old video of Kofi Jumah resurfaces.","'Mo fẹ́ràn àwọn obìnrin bí ẹ kò bá lóye, ẹ lọ sí ọ̀run àpáàdì' - Àwòrán àtijọ́ ti Kofi Jumah tún yọjú.","'I love women if you don't understand, go to hell' - Old painting of Kofi Jumah reappears.",0.854875385761261
"Islamic Banking: A financial game changer for all Ghanaians, not just Muslims.","Ìbáni-nǹkan-sí-Ilé-ifowópamọ́ Islam: Ìyípadà nínú ètò ìṣúnná owó fún gbogbo ọmọ Ghana, kì í ṣe àwọn Mùsùlùmí nìkan.","Islamic Banking: A change in the financial system for all Ghanaians, not just Muslims.",0.9755586385726929
Screen-Addiction Among Children: A note to parents.,Àwọn Ọmọdé Tó Ń Lo Íńtánẹ́ẹ̀tì Láti Ṣàṣà: Ìmọ̀ràn fún Àwọn Òbí,Internet Addicts: Tips for Parents,0.6696823239326477
Why Fatawu Issahaku was not called up by Otto Addo – GFA explains.,Ìdí tí Fatawu Issahaku kò fi gba ìkésíni láti ọ̀dọ̀ Otto Addo  GFA ṣàlàyé.,Why Fatawu Issahaku did not accept the invitation from Otto Addo GFA explained.,0.7664770483970642
Agradaa’s parents slam brother for locking out Angel Asiamah from property.,Àwọn òbí Agradaa bẹ̀rẹ̀ sí í fi ẹ̀gbọ́n wọn ṣe yẹ̀yẹ́ nítorí pé ó ti fi Àńgẹ́lì Asiamah sílẹ̀.,Agradaa's parents started to make fun of their brother because he had left Angel Asiamah.,0.7490689158439636
Ablekuma North Rerun: Ayawaso North MP reacts to alleged journalist assault.,Ablekuma North Rerun: Aṣofin Ayawaso North fèsì sí ìfipábánilòpọ̀ tí wọ́n fi kan akọ̀ròyìn.,Ablekuma North Rerun: A deputy of Ayawaso North responded to a rape case against a journalist.,0.8785405158996582
"Ghana Armwrestling sends goodwill message to BECE, WASSCE candidates.","Ẹgbẹ́ agbábọ́ọ̀lù ọwọ́ Ghana ránṣẹ́ ìkíni rere sí àwọn olùdíje nínú ìdíje BECE, WASSCE.","Ghana national handball team sends its best wishes to the participants of the BECE, WASSCE tournament.",0.6265408396720886
Military officer’s wife begins attempt to break GWR for Longest Reading Aloud Marathon.,Ìyàwó òṣìṣẹ́ ológun bẹ̀rẹ̀ ìsapá láti fọ GWR fún Ìpínlẹ̀ Ìkàwé Gígùn Jù Lọ.,The military officer's wife initiated an effort to clear GWR for the Higher Education District.,0.5248078107833862
Sammy Flex speaks after reassignment in Shatta Wale’s management.,Sammy Flex sọ̀rọ̀ lẹ́yìn tí wọ́n tún yan òun sípò nínú ètò Shatta Wale.,Sammy Flex speaks after his re-election in the Shatta Wale system.,0.8667640686035156
Ghanaians shocked by death of President Mills.,Ìyàlẹ́nu ńlá ló jẹ́ fún àwọn ará Ghana nítorí ikú Ààrẹ Mills.,The death of President Mills came as a shock to Ghanaians.,0.9438223242759705
"National Delegates Conference: NPP NEC set to reject petition from Akufo-Addo, Kufuor.","Àpérò àwọn Aṣojú Orílẹ̀-èdè: Ìgbìmọ̀ Aṣojú Orílẹ̀-èdè NPP ti pinnu láti kọ̀ láti gba ìwé ìkésíni láti ọ̀dọ̀ Akufo-Addo, Kufuor.","National Delegation Conference: The National Delegation Committee of the NPP has decided to refuse to accept an invitation from Akufo-Addo, Kufuor.",0.7017024755477905
Ghanaians must see the lessons we have learned - Dr Bawumia.,Àwọn ọmọ Ghana gbọ́dọ̀ rí àwọn ẹ̀kọ́ tí a ti kọ́ - Dókítà Bawumia.,Ghanaians should see the lessons we have learned - Dr Bawumia.,0.9877250790596008
One dead in fire outbreak at uncompleted fuel station near Ejura.,Ọkan ti kú nínú iná tó jó ní ibùdó epo tí wọn kò tíì parí ní àgbègbè Ejura.,One has died in a fire at an unfinished oil refinery in the Ejura region.,0.7629427313804626
"'Rubbish, on which road?' – Nigeria’s Formula 1 hosting bid sparks backlash on social media.","'Èrò òdì, ọ̀nà wo ni ó yẹ kí n gbà?'  Àdéhùn láti gba Fọọmu 1 ní Nàìjíríà fa àríyànjiyàn lórí ẹ̀rọ-ayélujára.","'Unfortunate, which way should I go?'The deal to host Formula 1 in Nigeria sparked controversy on social media.",0.7768080830574036
'My life changed after the accident' - McBrown speaks after arm surgery.,'Ìgbésí ayé mi yí padà lẹ́yìn jàǹbá náà' - McBrown sọ lẹ́yìn iṣẹ́ abẹ apá.,'My life changed after the accident' - McBrown says after arm surgery.,0.9271787405014038
Democracy Cup: Deputy EC boss calls for participation in curtain-raiser fixtures.,Democracy Cup: Igbakeji olori EC n pe fun ikopa ninu awọn ohun ọṣọ ti o gbe aṣọ-ikele.,Democracy Cup: EC vice-chairman calls for participation in the flag-raising events.,0.6791159510612488
FULL LIST: NPP approves 54 motions at 2025 Delegates Conference.,Àkọlé àwòrán NPP fọwọ́ sí àwọn àbá 54 ní ìpàdé àwọn aṣojú 2025.,The NPP drafted 54 proposals at the 2025 delegates meeting.,0.6895715594291687
Four times Afia Schwar has been embroiled in legal battles.,Ìgbà mẹ́rin ni Afia Schwar ti kó sínú ìjà òfin.,Afia Schwar has been involved in four legal battles.,0.9318436980247498
LIVESTREAMED: Parliament debates Ablekuma North rerun violence.,LIVESTREAMED: Ilé ìgbìmọ̀ aṣòfin ń jíròrò ìwà ipá Ablekuma North.,LIVESTREAMED: Parliament is discussing the violence in Ablekuma North.,0.9155862927436829
"Appau-Klu denies allegations of land encroachment, abuse of power.","Appau-Klu sẹ̀sùn tí wọ́n fi kàn án pé ó ti fi ilẹ̀ rẹ̀ jẹ, ó sì ti ṣi agbára lò.",Appau-Klu was accused of embezzling his land and abusing his power.,0.8104239106178284
Spotlight on Lumba's first 'Yee Ye Aka Akwantuom' album.,"Ojúlówó àtẹ̀jáde lórí àtẹ̀jáde àkọ́kọ́ tí Lumba ṣe, 'Yee Ye Aka Akwantuom'.","The official poster for Lumba's first album, 'Yee Ye Aka Akwantuom'.",0.8594972491264343
KIA begins enforcing reintroduced COVID-19 measures.,KIA bẹrẹ si ni mu awọn igbese COVID-19 ti a tun ṣe.,KIA began to implement the re-imposed COVID-19 measures.,0.9193472266197205
BoG puts digital credit services under regulation to boost financial inclusion.,BoG fi awọn iṣẹ kirẹditi oni-nọmba labẹ ilana lati ṣe igbelaruge ifisi owo.,BoG placed digital credit services under regulation to promote financial inclusion.,0.9563161730766296
Fatau Dauda confident of Black Stars wins against Chad and Mali.,Fatau Dauda ní ìdánilójú nínú àwọn Black Stars tí ó ṣẹ́gun Chad àti Mali.,Fatau Dauda is confident in the Black Stars who won against Chad and Mali.,0.9499292373657227
'I am committed to continue the legacy of late Dr Murtala Mohammed' – Princess Naama.,'Mo ti ṣe ileri lati tẹsiwaju ogún ti Dr Murtala Mohammed ti o pẹ'  Ọmọbinrin Naama.,'I have pledged to carry on the legacy of the late Dr Murtala Mohammed's daughter Naama.,0.8265619874000549
Watch as M.,Ẹ máa wò ó bí M.,Consider the example of M.,0.4949931800365448
First cholera cases confirmed across three districts in the Ashanti Region.,Àwọn ènìyàn tí wọ́n kọ́kọ́ ní àrùn kólẹ́rà ni wọ́n rí ní àwọn agbègbè mẹ́ta ní Àgbègbè Ashanti.,The first cases of cholera were detected in three districts of Ashanti Region.,0.9619951844215393
GH¢20m Defamation Suit: Empress Gifty's lawyer confirms Agradaa seeks case transfer.,GH¢20m Defamation Suit: Agbẹjọro Empress Gifty jẹrisi pe Agradaa n beere fun gbigbe ọran naa.,GH¢20m Defamation Suit: Empress Gifty's lawyer confirms that Agradaa is requesting the transfer of the case.,0.9846657514572144
Mohammed Kudus shines with assist on Tottenham debut in Reading win.,Mohammed Kudus tàn pẹ̀lú ìrànlọ́wọ́ nínú eré àkọ́kọ́ Tottenham nínú ìṣẹ́gun Reading.,Mohammed Kudus shone with an assist in Tottenham's first game win over Reading.,0.8731728196144104
Read full details of official brochure on 8 fallen heroes from tragic August 6 helicopter crash.,Ka gbogbo alaye ti iwe iroyin osise lori 8 awọn akikanju ti o ṣubu lati ijamba ọkọ ofurufu ọkọ ofurufu ti Oṣu Kẹjọ Ọjọ 6.,Read the full details of the official press release on the 8 heroes who fell from the helicopter crash of August 6.,0.8757721781730652
Kojo Barnni beats Torgah on sudden death to win 9th edition of Gold Fields PGA Championship.,Kojo Barnni ṣẹgun Torgah lórí ikú òjijì láti gba ife ẹ̀yẹ Gold Fields PGA Championship.,Kojo Barnni defeated Torgah to sudden death to win the Gold Fields PGA Championship.,0.9068260192871094
'He has taken all my happiness away' – Daddy Lumba's sister cries.,'Ó ti gba gbogbo ayọ̀ mi lọ́wọ́ mi'  Arábìnrin Bàbá Lumba ń sunkún.,'He has taken all my happiness from me' Sister Baba Lumba cries.,0.8214396238327026
'Nowhere does the law empower you to judge professorial titles' – Barker-Vormawor to GTEC.,'Kò síbi tí òfin ti fún ọ láṣẹ láti dá àwọn oyè olùkọ́ lẹ́jọ́'  Barker-Vormawor sí GTEC.,'You are not legally entitled to sue teachers' Barker-Vormawor against GTEC.,0.6293336749076843
'I love Stonebwoy; his talent is beyond the shores of Ghana' - Video of late Murtala resurfaces.,'Mo fẹ́ràn Stonebwoy; ẹ̀bùn rẹ̀ kọjá etíkun Gánà' - Fidio ti olóògbé Murtala tún yọjú.,'I love Stonebwoy; his talent goes beyond the shores of Ghana' - Video of late Murtala surfaces again.,0.9765409231185913
Trump says 11 killed in US strike on drug-carrying vessel from Venezuela.,Trump sọ pé 11 ni ó kú nínú ìkọlù US lórí ọkọ̀ ojú omi tó ń gbé oògùn olóró láti Venezuela.,Trump says 11 were killed in a US attack on a Venezuelan drug ship.,0.8937839269638062
Paul Adom-Otchere ordered to appear before Special Prosecutor over GACL audit deal.,Paul Adom-Otchere pàṣẹ láti fara hàn níwájú Agbẹjọ́rò Àkànṣe lórí àdéhùn àyẹ̀wò GACL.,Paul Adom-Otchere was ordered to appear before the Special Counsel on the GACL review agreement.,0.8471233248710632
Artistes who have sampled Daddy Lumba’s classic songs.,Àwọn olórin tí wọ́n ti fi àwọn orin tí Daddy Lumba kọ́kọ́ kọ ṣe àwòkọ́ṣe.,Musicians who have modeled their music on the early works of Daddy Lumba.,0.7853336930274963
Known NPP sympathizer like GBA pres shouldn’t be calling for Torkornoo to be reinstated — Kpebu.,Àwọn tí ó mọ̀ sí olùrànlọ́wọ́ NPP bíi GBA kò yẹ kí ó pe kí Torkornoo padà sípò  Kpebu.,Those who are known to be supporters of the NPP like GBA should not call for Torkornoo to be reinstated as Kpebu.,0.9122737646102905
Party stalwarts should act responsibly at polling stations – Prof Gyampo.,Àwọn olórí ẹgbẹ́ yẹ kí ó máa hùwà tó yẹ ní àwọn ibi ìdìbò  Ọ̀jọ̀gbọ́n Gyampo.,Party leaders should behave properly at the polling stations of Prof. Gyampo.,0.8324489593505859
National Cathedral audit uncovers massive financial irregularities – Kwakye Ofosu details.,Àyẹ̀wò Ilé Ìjọ Kátólíìkì Àpapọ̀ fi hàn pé àwọn àṣìṣe ńláńlá wà nínú ètò ìnáwó  Àlàyé nípa Kwakye Ofosu.,The National Catholic Church's investigation revealed that there were serious errors in the budget.,0.46965891122817993
How I convinced Omane Boamah to quit NPP for NDC – Ato Ahwoi.,Bí mo ṣe yí Omane Boamah lérò padà láti fi NPP sílẹ̀ fún NDC  Ato Ahwoi.,How I convinced Omane Boamah to leave the NPP for the NDC Ato Ahwoi.,0.952267050743103
WAFCON 2024: Ghana ready to battle for bronze – Stella Nyamekye.,WAFCON 2024: Ghana ti ṣetan lati ja fun idẹ  Stella Nyamekye.,WAFCON 2024: Ghana is set to fight for the bronze medal of Stella Nyamekye.,0.9243469834327698
Sack all appointees who have left their jobs to campaign to replace you – Kwesi Pratt to Mahama.,Ẹ yọ gbogbo àwọn tí wọ́n yàn tí wọ́n fi iṣẹ́ sílẹ̀ láti lọ ṣe ìpolongo láti rọ́pò yín kúrò  Kwesi Pratt to Mahama.,Remove all the elected officials who resigned to campaign to replace Kwesi Pratt to Mahama.,0.7780256867408752
"Prof Mills would be outraged with level of galamsey destruction, toxic politics – Charlotte Osei.","Àlùkọ́ Mills yóò bínú sí ìparun galamsey, òṣèlú tó ń pa èèyàn lára  Charlotte Osei.","Professor Mills will be furious at the destruction of the galamsey, the political assassin Charlotte Osei.",0.8540472984313965
"Local government minister swears in new board members for ILGS, LUSPA.","Minisita ìjọba ìbílẹ̀ búra fún àwọn ọmọ ìgbìmọ̀ tuntun fún ILGS, LUSPA.","The minister of local government swore in the new board members of ILGS, LUSPA.",0.8995053768157959
"Farmers to receive $5,040 per tonne of cocoa for 2025/2026 season.","Awọn agbẹ yoo gba $5,040 fun toonu koko fun akoko 2025/2026.","Farmers will receive $5,040 per ton of cocoa for the 2025/2026 season.",0.9698010087013245
Obofour and Agradaa must settle their beef in court instead of social media – Onegod.,Obofour àti Agradaa ní láti yanjú ìjà wọn ní ilé ẹjọ́ dípò orí ẹ̀rọ-ayélujára  Onegod.,Obofour and Agradaa had to settle their dispute in court instead of online Onegod.,0.7326206564903259
"There are over 100,000 people living with and spreading HIV without knowing it - AIDS Commission boss.","Ó lé ní ọ̀kẹ́ márùn-ún [100,000] èèyàn tó ń gbé pẹ̀lú kòkòrò àrùn éèdì tí wọ́n sì ń tàn án kálẹ̀ láìmọ̀.","More than 100,000 people are living with HIV and are unknowingly spreading it.",0.8556210398674011
"Use COVID-19 fund to strengthen health care, immunization financing — HFFG.","Lo owó COVID-19 láti mú ètò ìlera, ìfúnná owó fún àjẹsára lágbára  HFFG.","Use COVID-19 funding to strengthen healthcare, vaccine funding and HFFG.",0.9160560965538025
2022 most controversial celebrities.,Àwọn gbajúgbajà tí ó fa awuyewuye jùlọ ní ọdún 2022.,The most controversial celebrities in 2022.,0.955871045589447
Awutu Senya East MCE kick-starts fix all potholes in Kasoa.,Àwọn ọmọ ẹgbẹ́ MCE ti Awutu Senya East ti ń ṣe àtúnṣe gbogbo àwọn ihò tó wà ní Kasoa.,The MCE members of Awutu Senya East are currently restoring all the caves in Kasoa.,0.5539134740829468
'My house was attacked after I prophesied Mahama's win in 2024 Election' - Prophet Worlasi.,'A kọlu ile mi lẹyin ti mo sọ asọtẹlẹ pe Mahama yoo jawe olubori ninu idibo 2024' - Prophet Worlasi.,'My house was attacked after I predicted Mahama would win the 2024 election' - Prophet Worlasi.,0.9632309079170227
2019 Asante Akyem Marathon set for April 22.,A ṣeto Asante Akyem Marathon 2019 fun Oṣu Kẹrin Ọjọ 22.,The 2019 Asante Akyem Marathon is scheduled for April 22.,0.9298402667045593
Daddy Lumba's one-week observation in jeopardy?.,Ṣé ọ̀sẹ̀ kan tí bàbá Lumba fi wà nídìí ìwádìí náà ti wà nínú ewu?,Is Lumba's father's one week of research in danger?,0.7776901721954346
"Ghanaian artiste Kay9ice composes ‘Mind Games’ to celebrate Davido, Chioma.","Olórin ọmọ Gánà Kay9ice kọ orin Mind Games láti ṣe ayẹyẹ Davido, Chioma.","Ghanaian singer Kay9ice wrote the song Mind Games to celebrate Davido, Chioma.",0.9324253797531128
National Functional Sports League to hold two-day competition.,Ẹgbẹ́ eré ìdárayá tó ń ṣiṣẹ́ ní orílẹ̀-èdè yóò ṣe ìdíje ọjọ́ méjì.,The national team will play a two-day tournament.,0.6155823469161987
Father threatens legal action against popular SHS for alleged negligence.,Bàbá ń halẹ̀ mọ́ àwọn èèyàn tó gbajúmọ̀ ní ilé ẹjọ́ SHS pé àwọn máa gbé ìgbésẹ̀ tó bá òfin mu.,Father threatened the prominent people of the SHS court with legal action.,0.7661961317062378
CID Director General sworn in as a board member of Small Arms Commission.,Oludari Gbogbogbo CID búra gẹgẹbi ọmọ ẹgbẹ igbimọ ti Igbimọ Awọn ohun ija kekere.,The Director General of CID was sworn in as a board member of the Small Arms Commission.,0.9754571318626404
Is Daddy Lumba dead or alive? - What we know so far.,Ṣé bàbá Lumba kú àbí ó ṣì wà láàyè?,Is Lumba's father dead or alive?,0.8963592052459717
Ghana urgently needs a pricing regulatory authority to stabilise the economy.,Ghana nílò aláṣẹ tó ń ṣàkóso owó láti mú ètò ọrọ̀ ajé dúró.,Ghana needs a monetary authority to stabilize the economy.,0.7275264263153076
Coronavirus: Africa needs US$285 billion to fight off pandemic impact - IMF.,Coronavirus: Àfíríkà nílò US$285 billion láti gbógun ti ipa ààrùn náà - IMF.,Coronavirus: Africa needs US$285 billion to combat the impact of the disease - IMF.,0.9538228511810303
Why NPP and NDC are responsible for the  poor state of sports - Dan Kwaku Yeboah explains.,Ìdí tí NPP àti NDC fi jẹ́ alábàárò fún ipò tí kò dára tí eré ìdárayá wà - Dan Kwaku Yeboah ṣàlàyé.,Why NPP and NDC are complicit in the poor state of the sport - Dan Kwaku Yeboah explains.,0.9342067241668701
2 dead as police engage in a shootout with highway robbery gang.,Àwọn méjì kú nígbà tí àwọn ọlọ́pàá ń jàjàbá pẹ̀lú àwọn jàǹdùkú tó ń ja àwọn èèyàn lólè.,Two people were killed in a clash between police and a gang of robbers.,0.7042683959007263
I’m now focused on returning to athletics - Martha Bissah.,Mo ti wá gbájú mọ́ bí mo ṣe máa padà sídìí eré ìdárayá báyìí - Martha Bissah.,I am now focused on getting back into sports - Martha Bissah.,0.9258195757865906
Ghana's Abrefa wins medals at London Table Tennis Grand Prix.,"Ọmọ orílẹ̀-èdè Ghana, Abrefa gba àmì ẹ̀yẹ ní London Table Tennis Grand Prix.",Ghanaian Abrefa won the title at the London Table Tennis Grand Prix.,0.8947906494140625
Woman flees from marriage after several death threats from husband.,Obìnrin kan sá kúrò nínú ìgbéyàwó rẹ̀ lẹ́yìn tí ọkọ rẹ̀ ti halẹ̀ mọ́ ọn pé òun máa pa á.,A woman ran away from her marriage after her husband threatened to kill her.,0.8097832202911377
Pure FM studio burnt to ashes.,Ilé ìgbóhùnsáfẹ́sọ́nà FM tí wọ́n fi iná sun ló jóná.,The burned-out FM transmitter building.,0.6171174645423889
IET Ghana mourns victims of helicopter crash.,IET Ghana ṣọ̀fọ̀ àwọn tí ọkọ̀ òfúrufú kọlu.,IET Ghana mourns the victims of the plane crash.,0.9204432964324951
Ablekuma North Violence: 'NDC reminds me of David killing Uriah for his wife' - Dr Okoe Boye.,Ablekuma North Violence: 'NDC rán mi létí bí Dafidi ṣe pa Úráyà fún ìyàwó rẹ̀' - Dókítà Okoe Boye.,Ablekuma North Violence: 'NDC reminds me of how David killed Uriah for his wife' - Dr Okoe Boye.,0.9925439357757568
Any police officer sent to Akwatia by-election without a weapon is at risk – Okoe Boye warns.,Gbogbo ọlọ́pàá tí wọ́n rán lọ sí Akwatia níbi ìdìbò àbò láìní ìbọn wà nínú ewu  Okoe Boye kìlọ̀.,All the police who were sent to Akwatia for the election without guns are in danger Okoe Boye warns.,0.8505535125732422
Chelsea players 'brag' about teams they want to face ahead of Champions League draw.,Àwọn agbábọ́ọ̀lù Chelsea 'ń fọ́nnu' nípa àwọn ẹgbẹ tí wọ́n fẹ́ kí wọ́n bá pàdé ṣáájú dídíje ìdíje Champions League.,Chelsea players 'boast' about the teams they would like to meet before the Champions League qualifiers.,0.7480963468551636
"Safe Water Network commissions over $800,000 Asikuma Home Water Station.","Àjọ Omi Ààbò ń gba owó tó lé ní ẹgbẹ̀rún lọ́nà ọgọ́rùn-ún mẹ́jọ [800,000] dọ́là láti Ilé Ìpèsè Omi Ilé Asikuma.","The Water Safety Foundation is receiving more than $800,000 in funding from the Hospitals Water Supply Agency.",0.5485677123069763
"'Thank you Ablekuma North, together we made history!' - Ewurabena Aubynn after rerun victory.","'O ṣeun Ablekuma North, papọ a ṣe itan-akọọlẹ!' - Ewurabena Aubynn lẹhin ti o tun bori.","'Thank you Ablekuma North, together we made history!' - Ewurabena Aubynn after winning again.",0.9599689841270447
Kwabena Poku wins 7th Captain One Major championship.,Kwabena Poku gba ife ẹyẹ Captain One Major kẹrin.,Kwabena Poku won his fourth Captain One Major.,0.864284873008728
"PDP zone 2027 presidential candidate to south, five key takeaways from critical NEC meeting.","PDP 2027 oludije fun ipo aarẹ si guusu, awọn nkan pataki marun lati inu ipade NEC pataki.","PDP 2027 presidential candidate to the south, five key items from the key NEC meeting.",0.8279911875724792
"Fugitive wanted over Australia police killings being helped, police say.",Àwọn ọlọ́pàá sọ pé àwọn ń wá ẹni tó ń sá kiri lórí àwọn ìpànìyàn tí àwọn ọlọ́pàá Ọsirélíà ń ṣe.,Police say they are looking for a fugitive in connection with the Australian police killings.,0.8083613514900208
Reks Brobby to serve on technical committee for 14th African Games.,Reks Brobby ni yóò ṣiṣẹ́ nínú ìgbìmọ̀ tó ń rí sí ètò eré ìdárayá ilẹ̀ Áfíríkà kẹrìnlá.,Reks Brobby will serve on the 14th Pan African Games committee.,0.9441434144973755
"Watch when Usain Bolt showed how fast he is against regular, everyday people.",Ẹ wo bí Usain Bolt ṣe fi bí ó ṣe yára tó hàn nígbà tó ń bá àwọn èèyàn tó jẹ́ ọ̀làjú jà.,Consider how Usain Bolt demonstrates his speed against the world's elite.,0.7416412234306335
Lifestyle: Tactics for successful career branding.,Ìgbésí ayé: Àwọn ọ̀nà láti ṣe iṣẹ́ tó gbéṣẹ́.,Life: Ways to do good work.,0.4712866544723511
'I was made for this' - Bawumia as he leads Africa’s digital agenda at Cambridge.,'Ohun tí mo wà fún nìyí' - Bawumia nígbà tí ó ń darí ètò orí ẹ̀rọ ayélujára fún Áfíríkà ní Cambridge.,'This is what I am for' - Bawumia at the Africa Network in Cambridge.,0.7517403960227966
Salaga-South MP distributes 650 bags of fertiliser to constituents to boost farming.,Aṣoju ẹgbẹ́ òṣèlú Salaga-South pín àpò ìrẹ̀ǹgbẹ 650 fún àwọn olùdìbò láti mú kí iṣẹ́ àgbẹ̀ gbòòrò sí i.,The representative of the Salaga-South political party distributed 650 plastic bags to voters to promote agricultural expansion.,0.681585431098938
Speaker Bagbin ‘in ruthless pain’ over fatal helicopter crash.,"Agbẹjọro Bagbin ""ninu irora ti ko ni aanu"" lori ijamba ọkọ ofurufu ti o pa.","Attorney Bagbin ""in unrelenting pain"" over the plane crash that killed him.",0.7086381912231445
Crackdown on Fake Titles: We must move from 'title worship' to performance - Prof Bokpin.,Ìjàpá lórí Àwọn Àkọlé Àdàkọ: A ní láti kúrò ní 'ìjọsìn orúkọ oyè' lọ sí ṣíṣe - Ọ̀jọ̀gbọ́n Bokpin.,Attack on Manuscripts: We need to move from 'title worship' to action - Prof. Bokpin.,0.7453032732009888
Paul Bongo releases 'This Party'.,Paul Bongo ṣe àtúnṣe sí 'This Party'.,Paul Bongo edited 'This Party' and it was a great success.,0.7756122350692749
Year in Review: Greatest showbiz scandals of 2023.,Ọdún nínú Àtúnyẹ̀wò: Àwọn àbùkù tó ga jùlọ nínú ètò eré ìdárayá ọdún 2023.,Year in Review: Top flaws in the 2023 sports system.,0.45673999190330505
"'I spent over $15,000 on my TGMAs performance' - Fameye.","'Mo ná owó tó lé ní 15,000 dọ́là lórí eré tí mo ṣe níbi ayẹyẹ TGMA' - Fameye.","'I spent over $15,000 on my performance at the TGMA' - Fameye.",0.9654180407524109
2023 AFCON: Nigeria reach final after edging South Africa on penalties.,2023 AFCON: Nàìjíríà dé ìdíje lẹ́yìn tí ó borí South Africa lórí àlééfà.,2023 AFCON: Nigeria reach the final after beating South Africa on penalties.,0.975715696811676
Nkwanta North records first Mpox case - District Health Director.,Nkwanta North kọ àkọsílẹ̀ ọ̀ràn Mpox àkọ́kọ́ - Olùdarí Ìlera Agbegbe.,Nkwanta North wrote the first Mpox case report - the Community Health Director.,0.8613080978393555
'Calculated attempt to divide us' – Appiagyei slams move to replace Afenyo-Markin at ECOWAS Parliament.,'Ìdánwò tí a ṣe láti pín wa níyà'  Appiagyei ń fi ìdìbò rọ Afenyo-Markin dípò ní Ilé Ìgbìmọ̀ ECOWAS.,Appiagyei's 'attempt to divide us' is replacing Afenyo-Markin in the ECOWAS Council by a vote.,0.8594639301300049
Ridge Hospital: One arrested in connection with assault on health workers.,Ridge Hospital: Ọkan ti wọn mu ni ibatan si ikọlu awọn oṣiṣẹ ilera.,Ridge Hospital: One arrest in connection with assaulting health workers.,0.9095754623413086
R2Bees storm Accra Technical University on July 18 for WatsUp on campus.,Àwọn R2Bees wọ ilé-ìwé Accra Technical University ní ọjọ́ 18 oṣù keje fún WatsUp ní ilé-ìwé náà.,The R2Bees entered Accra Technical University on July 18 for a WatsUp at the school.,0.8403937816619873
Bawku SHS shut down after the fatal shooting of a final-year student.,Ẹ̀ka Ìdánilẹ́kọ̀ọ́ Ọ̀tọ̀ọ̀tọ̀ ní Bawku ti pa lẹ́yìn tí wọ́n yìnbọn pa akẹ́kọ̀ọ́ ọdún kẹ́yìn.,The Special Education Department in Bawku was closed after the shooting death of a senior student.,0.6702446341514587
Pharmaceutical distributor fined GH¢1.,Awon to n ta egbogi ti fi owo le GH¢1.,The pharmaceutical industry has invested in GH¢1.,0.6515119671821594
How can Partey rape one woman three times? – Kankam Boadu questions charges.,Bawo ni Partey ṣe le fipa ba obinrin kan l'ogun lẹẹmẹta?  Kankam Boadu n beere ẹsun.,How could Partey beat a woman three times? Kankam Boadu is claiming responsibility.,0.7219904661178589
Editorial by Ghanaian Times: Tons of commendations for Appiatse’s rebirth.,Àkọlé láti Ghanaian Times: Ọ̀pọ̀lọpọ̀ ìyìn fún bí Appiatse ṣe tún ayé rẹ̀ ṣe.,Ghanaian Times: Much praise for how Appiatse has transformed his life.,0.8638816475868225
'I was persecuted' - ACP Agordzo gives blow-by-blow account on alleged coup trial.,"""Wọ́n ṣe inúnibíni sí mi"" - ACP Agordzo sọ kúlẹ̀kúlẹ̀ nípa ẹjọ́ tí wọ́n fẹ́ fi ṣe ìdìbò.","""They persecuted me"" - ACP Agordzo details the case they are planning to use for the election.",0.7440508008003235
Prof Ransford Gyampo reveals why he accepted Mahama's call to serve after several offers.,Ọ̀jọ̀gbọ́n Ransford Gyampo sọ ìdí tó fi gbà láti sìn lẹ́yìn tí Mahama ti fún un ní ọ̀pọ̀lọpọ̀ ìnáwó.,Professor Ransford Gyampo explained why he accepted to serve after Mahama gave him a large amount of money.,0.837407648563385
"Bankrogya community isolated by floodwaters, cries for basic infrastructure.","Àwọn aráàlú Bankrogya tí omi òjò ti sọ di àjèjì, ń ké fún àwọn ohun èlò ìkọ́lé.",Flood-stricken residents of Bankrogya are crying out for construction materials.,0.6374588012695312
Uganda in talks to import all its oil via Tanzania.,Uganda ti n sọrọ lati gbe gbogbo epo rẹ wọle nipasẹ Tanzania.,Uganda is talking about importing all its oil through Tanzania.,0.9324756860733032
Movement for Change shuts down NPP comeback claims.,Ẹgbẹ́ Movement for Change ti pa àwọn ẹ̀sùn tí NPP fi ń sọ pé àwọn ti padà sípò.,The Movement for Change has denied the NPP's claims of restoration.,0.6701292991638184
Frimpong-Manso Institute mourns victims of devastating helicopter crash.,Ilé-iṣẹ́ Frimpong-Manso ń ṣọ̀fọ̀ àwọn tí ọkọ̀ òfúrufú já lulẹ̀.,The Frimpong-Manso company mourns the victims of the plane crash.,0.8317348957061768
You are sick if you have protruding stomach - Dr Dominic Nitiwul.,Àìsàn ni kí àyà rẹ yọ sókè - Dókítà Dominic Nitiwul.,It is a disease to have your chest up - Dr. Dominic Nitiwul.,0.47108080983161926
Alhaji Grusah drops match fixing allegations claims against Dreams FC.,Alhaji Grusah fi ẹsun ti o baamu awọn ẹsun ti o baamu si Dreams FC.,Alhaji Grusah made a similar accusation against Dreams FC.,0.8190647959709167
Ghanaians urged to resolve disputes peacefully.,A rọ àwọn ará Ghana láti yanjú àwọn awuyewuye wọn ní àlàáfíà.,Ghanaians were urged to resolve their differences peacefully.,0.8750433921813965
"Moslena Adu, Ahmed Abdul Samad star at 2024 Tebel All Ghana Badminton Championship.","Moslena Adu, Ahmed Abdul Samad ni àwọn òṣèré nínú ìdíje Tebel All Ghana Badminton Championship ọdún 2024.","Moslena Adu, Ahmed Abdul Samad are the players in the Tebel All Ghana Badminton Championship 2024.",0.9243073463439941
Why was Kevin Taylor's arrest warrant not enforced?.,Kí ló dé tí wọn ò fi mú àṣẹ ìkọlù Kevin Taylor ṣẹ?,Why was the order to attack Kevin Taylor not executed?,0.6570541262626648
"Rejected by their stepfather at 9, he and his twin turned to eating leftovers, sleeping in the cold.","Nígbà tí bàbá wọn tó jẹ́ àna wọn kọ̀ ọ́ sílẹ̀ nígbà tó wà lọ́mọ ọdún mẹ́sàn-án, òun àti ìbejì rẹ̀ bẹ̀rẹ̀ sí í jẹ oúnjẹ tó bá ṣẹ́ kù, wọ́n sì ń sùn nínú òtútù.","When he was nine years old, his father-in-law abandoned him, and he and his twin sister had to live off their leftovers and sleep in the cold.",0.7454372048377991
Serve funeral guests according to their donations - Lower Axim Traditional Council directs.,Ẹ máa fún àwọn àlejò ìsìnkú ní oúnjẹ ní ìbámu pẹ̀lú ọrẹ wọn - Ìgbìmọ̀ Àṣà Ìbílẹ̀ Lower Axim pàṣẹ béè.,Provide food to funeral guests according to their contribution - the Lower Axim Cultural Council has ordered.,0.8323944211006165
Ghanaian men do not know how to make love - Delkie claims.,Àwọn ọkùnrin Gánà kò mọ bí wọ́n ṣe ń ṣe ìfẹ́ - Delkie sọ bẹ́ẹ̀.,Ghanaian men don't know how to make love - says Delkie.,0.9264186024665833
COVID-19: Mass vaccination ahead of Christmas begins December 14-18 - GHS.,COVID-19: Ìfúnpá fún àwọn ènìyàn ní kíákíá kí Kérésìmesì tó bẹ̀rẹ̀ ní December 14-18 - GHS.,COVID-19: Pressure on the public in the run-up to Christmas from 14-18 December - GHS.,0.7859363555908203
Accra Mayor pledges Hockey support.,Olórí ìlú Accra ṣèlérí láti ṣètìlẹyìn fún Hockey.,The mayor of Accra promised to support Hockey.,0.8677531480789185
COVID-19: All set for second dose vaccination in Ashanti Region.,COVID-19: Gbogbo ohun ti ṣetan fun abẹrẹ ajẹsara keji ni Agbegbe Ashanti.,COVID-19: All is ready for the second vaccine injection in Ashanti Region.,0.8923320770263672
"Peace Council condemns violence at Ablekuma North, calls for calm.","Ìgbìmọ̀ Àlàáfíà dá ìwà ipá tó wáyé ní Ablekuma North lẹ́bi, ó sì ké sí ìfọkanbalẹ.",The Peace Council condemned the violence in Ablekuma North and called for calm.,0.9434749484062195
Nigeria's Maduka Okoye banned two months for match fixing.,Ọmọ Nàìjíríà Maduka Okoye ti gba ìdádúró oṣù méjì nítorí pé ó ṣètò ìdíje.,Nigerian Maduka Okoye has been suspended for two months for organising a match.,0.8055775761604309
EL calls for peace with DopeNation after years of misunderstanding.,EL pe fun alafia pẹlu DopeNation lẹhin ọdun ti aiye.,EL calls for peace with DopeNation after years of earthquakes.,0.738152265548706
Staff raise 'alarm' over deplorable state of Janga Technical School infrastructure.,Àwọn òṣìṣẹ́ ń kéde 'ìkìlọ̀' lórí ipò tí ó burú jáì tí àwọn ohun-èlò ilé-ẹ̀kọ́ ẹ̀kọ́ ẹ̀rọ Janga wà.,Officials are sounding the 'alarm' over the dire condition of the facilities of Janga Technical College.,0.7223070859909058
Elders of Djetsorkope present newly installed chief to Osudoku Traditional Council.,Àwọn àgbààgbà Djetsorkope gbé olórí tuntun náà kalẹ̀ fún Ìgbìmọ̀ Àṣà Ìbílẹ̀ Osudoku.,The elders of Djetsorkope have appointed the new head of the Osudoku Cultural Council.,0.8586931824684143
We are aiming to win bronze medal against Senegal - Sudan coach Kwesi Appiah.,A ti n wa lati gba ami ẹyẹ idẹ lati ọdọ olukọni Senegal - Sudan Kwesi Appiah.,We were looking to win a bronze medal from Senegal - Sudan coach Kwesi Appiah.,0.9273661971092224
"Kudus, Semenyo make official EPL Team of the Week after impressive opening week.","Kudus, Semenyo ṣe ẹgbẹ oṣiṣẹ EPL ti Ọsẹ lẹhin ọsẹ ibẹrẹ ti o tayọ.","Kudus, Semenyo made the EPL Team of the Week after a fantastic opening week.",0.9288955330848694
Sofo Azorka should have been arrested by the police – Nana Boakye.,Sofo Azorka yẹ kí àwọn ọlọ́pàá ti mú un  Nana Boakye.,Sofo Azorka should have been arrested by the police Nana Boakye.,0.991789698600769
Throwback Thursday: Spotlight on Daasebre Dwamena.,Ìtàn àtúnyẹ̀wò ní Ọjọ́bọ: Ìtàn àtúnyẹ̀wò lórí Daasebre Dwamena.,The story for review on Wednesday: The story for review on Daasebre Dwamena.,0.7388259172439575
2022 In Review: Celebrity weddings that made waves.,2022 Nínú Àtúnyẹ̀wò: Àwọn ìgbéyàwó àwọn gbajúgbajà tí ó dá àwọ̀n sílẹ̀.,2022 in Review: Weddings of celebrities who created the network.,0.881298840045929
"FLASHBACK: Watch as NDC member threatens, curses Hawa Koomson over 2024 election violence.","ÀKỌRÍ: Ẹ wo bí ọmọ ẹgbẹ́ NDC ṣe ń halẹ̀, tí ó sì ń gégùn-ún Hawa Koomson lórí ìwà ipá ìdìbò ọdún 2024.",READ: Watch as NDC member threatens and curses Hawa Koomson over 2024 election violence.,0.9163659811019897
"Ballon D’Or 2025: Lamine Yamal, Doue & Michelle Agyemang lead nominees for best young player awards.","Ballon DOr 2025: Lamine Yamal, Doue & Michelle Agyemang ni àwọn tí wọ́n yàn fún àmì ẹ̀yẹ àwọn òṣèré tí ó dára jùlọ.","Ballon DOr 2025: Lamine Yamal, Doue & Michelle Agyemang were nominated for the best actress award.",0.8769149780273438
Why January is generally an economically difficult month.,Ìdí tí oṣù January fi sábà máa ń nira láti rówó ná.,Why January is often a difficult month to spend money.,0.8759129643440247
"Meet DCOP Lydia Yaako Donkor, new Director-General of CID trailblazing law enforcement and legal advocacy.","Ẹ wá pàdé DCOP Lydia Yaako Donkor, Olórí Àgbà tuntun ti CID tó ń ṣe àríkọ́ṣe fún àwọn agbófinró àti àwọn aṣòfin.","Meet DCOP Lydia Yaako Donkor, the new Director General of CID who is providing training to law enforcement and lawmakers.",0.9189777970314026
It was a childish decision - Obiri Boahen slams NPP for disbanding vigilante groups.,Ìpinnu ọmọdé ni - Obiri Boahen bẹnu àtẹ lu NPP fún fífi àwọn ẹgbẹ́ tó ń dá ara wọn láre túká.,It was a childish decision - Obiri Boahen criticised the NPP for breaking up the self-defence groups.,0.8674492239952087
Helicopter Crash: Ghana has lost a potential president in Omane Boamah – Ebo Whyte.,Ìjàǹbá Helikọ́pítà: Ghana ti pàdánù ààrẹ tó ṣeé ṣe kó jẹ́ nínú Omane Boamah  Ebo Whyte.,Helicopter crash: Ghana has lost a potential president in the Omane Boamah Ebo Whyte.,0.9937364459037781
LIVESTREAMED: Kwaku Dawuro presents The Movement in the Morning Political Show.,ÀKỌ́SÍ ÀKỌ́SÍ: Kwaku Dawuro ń gbé Ìṣesí Ìṣèlú Ìṣèlú Ìṣèlú Ìṣèlú Ìṣèlú Ìṣèlú Ìṣèlú Ìṣèlú Ìṣèlú Ìṣèlú Ìṣèlú Ìṣèlú Ìṣèlú Ìṣèlú Ìṣèlú Ìṣèlú Ìṣèlú Ìṣèlú Ìṣèlú Ìṣèlú Ìṣèlú Ìṣèlú Ìṣèlú Ìṣèlú Ìṣèlú Ìṣèlú Ìṣèlú Ìṣèlú Ìṣèlú Ìṣèlú Ìṣèlú Ìṣèlú Ìṣèlú Ìṣèlú Ìṣèlú Ìṣèlú Ìṣèlú Ìṣèlú Ìṣèlú Ìṣèlú Ìṣèlú Ìṣèlú Ìṣèlú Ìṣèlú Ìṣèlú Ìṣèlú Ìṣèlú Ìṣèlú Ìṣèlú Ìṣèlú Ìṣèlú Ìṣèlú Ìṣèlú Ìṣèlú Ìṣèlú Ìṣèlú Ìṣèlú Ìṣèlú Ìṣèlú Ìṣèlú Ìṣèlú Ìṣèlú Ìṣèlú Ìṣèlú Ìṣèlú Ìṣèlú Ìṣèlú Ìṣèlú Ìṣèlú Ìṣèlú Ìṣèlú Ìṣèlú Ìṣèlú Ìṣèlú Ìṣèlú Ìṣèlú Ìṣèlú Ìṣèlú Ìṣèlú Ìṣèlú Ìṣèlú Ìṣèlú Ìṣèlú Ìṣèlú Ìṣèlú Ìṣèlú Ìṣèlú Ìṣèlú Ìṣèlú Ìṣèlú Ìṣèlú,KWAKWAKWAKWAKWAKWAKWAKWAKWAKWAKWAKWAKWAKWAKWAKWAKWAKWAKWAKWAKWAKWAKWAKWAKWAKWAKWAKWAKWAKWAKWAKWAKWAKWAKWAKWAKWAKWAKWAKWAKWAKWAKWAKWAKWAKWAKWAKWAKWAKWAKWAKWAKWAKWAKWAKWAKWAKWAKWAKWAKWAKWAKWAKWAKWAKWAKWAKWAKWAKWAKWAKWAKWAKWAKWAKWAKWAKWAKWAKWAKWAKWAKWAKWAKWAKWAKWAKWAKWAKWAKWAKWAKWAKWAKWAKWAKWAKWAKWAKWAKWAKWAKWAKWAKWAKWAKWAKWAKWAKWAKWAKWAKWAKWAKWAKWAKWAKWAKWAKWAKWAKWAKWAKWAKWAKWAKWAKWAKWAKWAKWAKWAKWAKWAKWAKWAKWAKWAKWAKWAKWAKWAKWAKWAKWAKWAKWAKWAKWAKWAKWAKWAKWAKWAKWAKWAKWAKWAKWAKWAKWAKWAKWAKWAKWAKWAKWAKWAKWAKWAKWAKWAKWAKWAKWAKWAKWAKWAKWAKWAKWAKWAKWAKWAKWAKWAKWAKWAKWAKWAKWAKWAKWAKWAKWAKWAKWAKWAKWAKWAKWAKWAKWAKWAKWAKWAKWAKWAKWAKWAKWAKWAKWAKWAKWAKWAKWAKWAKWAKWAKWAKWAKWAKWAKWAKWAKWAKWAKWAKWAKWAKWAKWAKWAKWAKWAKWAKWAKWAKWAKWAKWAKWAKWAKWAKWAKWAKWAKWAKWAKWAKWAKWAKWAKWA,0.08673073351383209
I don't mind if Ghanaians want to vote a president for more than two terms – Freddie Blay.,Kò sí ohun tó ń kọ mí lóminú bí àwọn ará Ghana bá fẹ́ dìbò fún ààrẹ fún ìgbà tó ju ìpele méjì lọ  Freddie Blay.,I have no doubt that Ghanaians will vote for President Freddie Blay for more than two terms.,0.9342279434204102
Students Loan Trust Fund warns against unauthorised use of Logo on billboards.,Ìpèsè Ìdánilójú fún Àwọn Akẹ́kọ̀ọ́ kìlọ̀ nípa lílo Àmì náà láìgba àṣẹ lórí àwọn àtẹ ìpolówó.,Student Assurance Services warns against unauthorized use of the Mark on billboards.,0.7621797919273376
South African influencer apologises over viral Russian job videos.,Òṣèré ọmọ ilè South Africa tọrọ àforíjì lórí fídíò àwọn òṣìṣẹ́ Russia tó ń tàn kálẹ̀.,South African actor apologizes over Russian officials' video leak,0.7084415555000305
Full list of award winners at the 2023 AFCON.,Àkójọ àwọn olùborí nínú ìdíje AFCON 2023 .,List of winners of the AFCON 2023 tournament.,0.855874240398407
Daddy Lumba's 'Yentie Obiaa' helped me through money ritual allegations - LilWin.,'Yentie Obiaa' tí Bàbá Lumba ṣe ràn mí lọ́wọ́ láti borí ẹ̀sùn owó tí wọ́n fi kàn mí - LilWin.,'Yentie Obiaa' by Father Lumba helped me to overcome my financial charges - LilWin.,0.8251370191574097
Meet Benedicta Kwartemaa: The OKESS sprinting princess.,Ẹ pàdé Benedicta Kwartemaa: Ọmọ-binrin ọba tó ń sáré ní OKESS.,Meet Benedicta Kwartemaa: The Princess who runs in OKESS.,0.88900226354599
Ex-convict teacher jailed 48 years for defiling 7-year-old girl.,"Olùkọ́ tó ti fìgbà kan jẹ́ ẹlẹ́wọ̀n, tí wọ́n fi sẹ́wọ̀n ọdún méjìdínlọ́gọ́rin nítorí pé ó sọ ọmọdébìnrin ọmọ ọdún méje di aláìmọ́.",Former teacher who was sentenced to 28 years in prison for molesting a seven-year-old girl.,0.7454072833061218
Highlights of Dr Bawumia's electrifying speech after filing his nomination.,Àwọn ohun pàtàkì nínú ọ̀rọ̀ tí Dókítà Bawumia sọ lẹ́yìn tó fi ìyànsípò rẹ̀ sílẹ̀.,Highlights of Dr Bawumia's speech after resigning from his appointment.,0.7890408039093018
Hearts of Oak coach Didi Dramani stresses determination to bring ‘sustainability and success' to the club.,"Olukọni ẹgbẹ́ Hearts of Oak, Didi Dramani tẹnu mọ́ ìpinnu láti mú ""ìdásílẹ̀ àti àṣeyọrí"" wá fún ẹgbẹ́ náà.","Hearts of Oak coach Didi Dramani emphasized the determination to bring ""establishment and success"" to the club.",0.8363971710205078
Events that shocked the nation in 2020.,Àwọn ìṣẹ̀lẹ̀ tó ya orílẹ̀-èdè náà lẹ́nu ní ọdún 2020.,Events that shocked the nation in 2020.,1.0000001192092896
Sports minister halts unlawful development of parts of Borteyman sports complex.,Minisita fun ere idaraya da idagbasoke ti ko ni ofin duro ni awọn ẹya ti ile-iṣẹ ere idaraya Borteyman.,The Minister of Sports stopped the illegal development of parts of the Borteyman sports complex.,0.871263861656189
Exiled Across the Ocean: How the British banished Agyemang Prempeh I and his chiefs to Seychelles.,Exiled Across the Ocean: Bí àwọn ará Britain ṣe lé Agyemang Prempeh I àti àwọn olórí rẹ̀ lọ sí Seychelles.,Exiled Across the Ocean: How the British expelled Agyemang Prempeh I and his chiefs to the Seychelles.,0.9776976108551025
Health Minister lays Ghana Medical Trust Fund Bill before Parliament.,Minisita fun eto ilera fi iwe ofin fun owo igbekele fun ile-iwosan Ghana han si ile igbimo asofin.,The minister of health presented a bill for a trust fund for Ghana's hospital to parliament.,0.8688277006149292
Ghanaians can travel to these 4 countries without visas after Parliament's ratification.,Àwọn ọmọ Ghana lè rìnrìn àjò lọ sí àwọn orílẹ̀-èdè mẹ́rin yìí láì gba ìwé ìrìnnà lẹ́yìn ìfọwọ́sísí ilé ìgbìmọ̀ aṣòfin.,Ghanaians can travel to these four countries without a passport after the parliamentary approval.,0.8631547689437866
Watch Joseph Paintsil’s goal in LA Galaxy’s 4-0 win over Santos Laguna.,Ẹ wo góòlù tí Joseph Paintsil ṣe nígbà tí LA Galaxy borí Santos Laguna 4-0.,Look at the gold medal scored by Joseph Paintsil when LA Galaxy beat Santos Laguna 4-0.,0.7973433136940002
