text,source,translated,backtranslated,similarity_score
"These are people who certainly have not proved that they are worthy of the trust that we repose in them. As far as this job is concerned, let me also indicate that when it comes to BECE, most of the decisions are taken by the Ghana Education Service. For example, the selection of supervisors and invigilators is done by the district exams officer, he explained. His comments come in the wake of a JoyNews Hotline investigation led by GH Probe’s Francisca Enchil, which uncovered disturbing levels of collusion at examination centres.",news,[እነዚህ ሰዎች እንደ ተሰማን የሚጠበቅባቸውን የምንረዳቸውን ሀሳብ አልገባቸውም። በዚህ ስራ ላይ እንደምንረዳቸው አስተያየት ለማድረግ እንደምንረዳቸው አስተያየት ለማድረግ እንደምንረዳቸው አስተያየት ለማድረግ እንደምንረዳቸው አስተያየት ለማድረግ እንደምንረዳቸው አስተያየት ለማድረግ እንደምንረዳቸው አስተያየት ለማድረግ እንደምንረዳቸው አስተያየት ለማድረግ እንደምንረዳቸው አስተያየት ለማድረግ እንደምንረዳቸው አስተያየት ለማድረግ እንደምንረዳቸው አስተያየት ለማድረግ እንደምንረዳቸው አስተያየት ለማድረግ እንደምንረዳቸው አስተያየት ለማድረግ እንደምንረዳቸው አስተያየት ለማድረግ እንደምንረዳቸው አስተያየት ለማድረግ እንደምንረዳቸው አስተያየት ለማድረግ እንደምንረዳቸው አስተያየት ለማድረግ እንደምንረዳቸው አስተያየት ለማድረግ እንደምንረዳቸው አስተያየት ለማድረግ እንደምንረዳቸው አስተያየት ለማድረግ እንደምንረዳቸው አስተያየት ለማድረግ እንደምንረዳቸው አስተያየት ለማድረግ እንደምንረዳቸው አስተያየት ለማድረግ እንደምንረዳቸው አስተያየት ለማድረግ እንደምንረዳቸው አስተያየት ለማድረግ እንደምንረዳቸው አስተያየት ለማድረግ እንደምንረዳቸው አስተያየት ለማድረግ እንደምንረዳቸው አስተያየት ለማድረግ እንደምንረዳቸው አስተያየት ለማድረግ እንደምንረዳቸው አስተያየት ለማድረግ እንደምንረዳቸው አስተያየት ለማድረግ እንደምንረዳቸው አስተያየት ለማድረግ እንደምን,"[These people don't understand the idea that we're supposed to help them feel like we're helping them to comment on this work, that we're helping them to comment, that we're helping them to comment, that we're helping them to comment, that we're helping them to comment, that we're helping them to comment, that we're helping them to comment, that we're helping them to comment, that we're helping them to comment, that we're helping them to comment, that we're helping them to comment, that we're helping them to comment, that we're helping them to comment, that we're helping them to comment, that we're helping them to comment, that we're helping them to comment, that we're helping them to comment, that we're helping them to comment, that we're helping them to comment, that we're helping them to comment, that we're helping them to comment, that we're helping them to comment, that we're helping them to comment, that we're helping them to comment, that we're helping them to comment, that we're helping them to comment, that we're helping them to comment, that we're helping them to comment, that we're helping them to comment, that they're helping them to comment, that they're helping them to comment, that they're helping them to comment, that they're helping them, that they're helping them, that they're helping them, that they're helping them, they're helping them, they're helping them, they're helping them, they're helping them, they're helping them, they're helping them, they're helping them, they're helping them, they're helping them, they're helping them, they're helping them, they're helping them, they're helping them, they're helping them, they're helping them, they're helping them, they're helping them, they're]",0.1936800181865692
"A variety of socioeconomic and cultural factors were identified as major barriers to accessing and utilizing MHCS. Over half of the women surveyed cited poverty, illiteracy, restrictions from their husbands, the distance to health facilities, and long queues as reasons for not using services. Additionally, over a third of the women pointed to cultural practices within their communities as a cause for delays in seeking care. These findings reveal that addressing maternal health in this region requires more than just improving clinical services; it also means tackling deeply rooted societal and personal challenges that women face daily.",academic,[በማጣቀሻው አካባቢ የአማካኝ ጤና አገልግሎትን ለማግኘትና ለማጠቀም በሚገባ የኢኮኖሚ እና ማህበረሰብ አስተሳሰቦች እንደ አቅም አጠቃቀም የተገኙት አስተሳሰቦች ብዙ ናቸው። ከተከራዩት ሴቶች አንድ ሁለት አገልግሎት አልጠቀሙም ምክንያት አስገንድ የሆነው ድህነት፣ የግል ጠበቃነት፣ ከባል የተገደደ አደጋ፣ ጤና ተቋማት ርቀት እና አስቀድሞ አገልግሎት አገኘው ተጠቀሙልን ብለዋል። በተጨማሪ፣ ከተከራዩት ሴቶች አንድ ሶስተኛው በአንድ አካባቢ የሚገኙ ማህበረሰብ ባህላዊ ግብረገብነት አገልግሎት አገኘው አገኘው ተጠቀሙልን ብለዋል። እነዚህ የተገኙ አስተሳሰቦች እንደሚያሳዩት አካባቢው ውስጥ እናት ጤናን ለማስተናገድ በአካባቢው የአማካኝ ጤና አገልግሎትን ለማሻሻል ብቻ ሳይሆን ሴቶች በየቀኑ የሚደርሱባቸውን አስተሳሰቦችን ለማስተናገድ ይኖርበታል።],"[There are many theories that have been found as an economic and social reason for the lack of access to and use of the average health service in the reference area. One or two of the women hired did not use the service due to the poverty, private counseling, forced accident from husband, distance from health facilities and early access to services. In addition, one third of the hired women in the same area did not use the service due to the traditional social interaction of the community. These theories suggest that in order to manage maternal health in the area, it is necessary not only to improve the local average health service but also to manage the ideas that women receive every day.]",0.7153047919273376
"Despite his shortcomings, Unoka was a talented musician. He was a tall but very thin man with a slight stoop and a mournful look, which would disappear when he was drinking or playing his flute. His happiest moments came in the months after the harvest, when the village musicians would retrieve their instruments from above the fireplace. Unoka would join them, his face filled with pure joy and peace. Sometimes, other villages would invite Unoka and his band to teach them their tunes, and they would stay for several months, sharing their music.",literature,[በአንዳንድ አሳሳቸው ላይ እንኳን አይተውም ኡኖካ በሙዚቃ አንዳንድ አሳሳቸው ላይ እንኳን አይተውም ኡኖካ በሙዚቃ ብልግማቸው በላይ ነበር። እርስዎ ከፍተኛ ነበር ነገር ግን አንዳንድ አሳሳቸው ላይ እንኳን አይተውም ኡኖካ በሙዚቃ ብልግማቸው በላይ ነበር። እርስዎ ከፍተኛ ነበር ነገር ግን አንዳንድ አሳሳቸው ላይ እንኳን አይተውም ኡኖካ በሙዚቃ ብልግማቸው በላይ ነበር። እርስዎ ከፍተኛ ነበር ነገር ግን አንዳንድ አሳሳቸው ላይ እንኳን አይተውም ኡኖካ በሙዚቃ ብልግማቸው በላይ ነበር። እርስዎ ከፍተኛ ነበር ነገር ግን አንዳንድ አሳሳቸው ላይ እንኳን አይተውም ኡኖካ በሙዚቃ ብልግማቸው በላይ ነበር። እርስዎ ከፍተኛ ነበር ነገር ግን አንዳንድ አሳሳቸው ላይ እንኳን አይተውም ኡኖካ በሙዚቃ ብልግማቸው በላይ ነበር። እርስዎ ከፍተኛ ነበር ነገር ግን አንዳንድ አሳሳቸው ላይ እንኳን አይተውም ኡኖካ በሙዚቃ ብልግማቸው በላይ ነበር። እርስዎ ከፍተኛ ነበር ነገር ግን አንዳንድ አሳሳቸው ላይ እንኳን አይተውም ኡኖካ በሙዚቃ ብልግማቸው በላይ ነበር። እርስዎ ከፍተኛ ነበር ነገር ግን አንዳንድ አሳሳቸው ላይ እንኳን አይተውም ኡኖካ በሙዚቃ ብልግማቸው በላይ ነበር። እርስዎ ከፍተኛ ነበር ነገር ግን አንዳንድ አሳሳቸው ላይ እንኳን አይተውም ኡኖካ በሙዚቃ ብልግማቸው በላይ ነበር። እርስዎ ከፍተኛ ነበር ነገር ግን አንዳንድ አሳሳቸው ላይ እንኳን አይተውም ኡኖካ በሙዚቃ ብልግማቸው በላይ ነበር። እርስዎ ከፍተኛ ነበር ነገር ግን አንዳንድ አሳሳቸው ላይ እንኳን አይ,"[On some of their browsers, you didn't even see Unoka, but on some of their browsers, you didn't even see Unoka, but on their music, you were higher. On some of their browsers, you didn't even see Unoka, but on their music, you were higher. On some of their browsers, you didn't even see Unoka, but on their music, you were higher. On some of their browsers, you didn't even see Unoka, but on their music, you were higher. On some of their browsers, you didn't even see Unoka, but on their music, you were higher. On some of their browsers, you didn't even see Unoka, but on their music, you were higher. On some of their browsers, you didn't even see Unoka, but on their music, you were higher. On some of their browsers, you didn't even see Unoka, but on their music, you were higher. On some of their browsers, you didn't even see Unoka, but on their music, but on their music, you were higher. On some of their browsers, you didn't even see Unoka, but on their music, but on their music, but on their music, but on their music, they were higher than their music, but some of their music, but some of their music, they were higher than their music, but some of their own.",0.46644484996795654
"At the Derby Avenue RC Basic School and St. George’s Anglican Basic School in Accra, invigilators were captured openly demanding GH¢60 daily tokens, supervisors pocketed envelopes of GH¢400, and candidates were asked to contribute to an Aseda Offertory. John Kapi stressed that once WAEC provides feedback on such incidents, it is the responsibility of the Ghana Education Service (GES) to take decisive action. And so when these issues come up, once the feedback goes to them, we [WAEC] expect that they would react appropriately and ensure that the right action is taken against the people, he said.",news,[የደርቢ አቬንዩ ኤርሲ ቢዛኒክ ትምህርት ቤት እና ቅዱስ ጆርጅ አንግሊካን ቢዛኒክ ትምህርት ቤት አክራ ላይ፣ አስኪንትሮች በግልጽ ገንዘብ አስገብተው በየቀኑ GH¢60 ቶከን ማሳደድ እንደሚሰሩ ተቆጣጠረ። አስኪንትሮች አስኪንትሮች ገንዘብ አስገብተው አስኪንትሮች አስኪንትሮች አስኪንትሮች አስኪንትሮች አስኪንትሮች አስኪንትሮች አስኪንትሮች አስኪንትሮች አስኪንትሮች አስኪንትሮች አስኪንትሮች አስኪንትሮች አስኪንትሮች አስኪንትሮች አስኪንትሮች አስኪንትሮች አስኪንትሮች አስኪንትሮች አስኪንትሮች አስኪንትሮች አስኪንትሮች አስኪንትሮች አስኪንትሮች አስኪንትሮች አስኪንትሮች አስኪንትሮች አስኪንትሮች አስኪንትሮች አስኪንትሮች አስኪንትሮች አስኪንትሮች አስኪንትሮች አስኪንትሮች አስኪንትሮች አስኪንትሮች አስኪንትሮች አስኪንትሮች አስኪንትሮች አስኪንትሮች አስኪንትሮች አስኪንትሮች አስኪንትሮች አስኪንትሮች አስኪንትሮች አስኪንትሮች አስኪንትሮች አስኪንትሮች አስኪንትሮች አስኪንትሮች አስኪንትሮች አስኪንትሮች አስኪንትሮች አስኪንትሮች አስኪንትሮች አስኪንትሮች አስኪንትሮች አስኪንትሮች አስኪንትሮች አስኪንትሮች አስኪንትሮች አስኪንትሮች አስኪንትሮች አስኪንትሮች አስኪንትሮች አስኪንትሮች አስኪንትሮች አስኪንትሮች አስኪንትሮች አስኪንትሮች አስኪንትሮች አስኪንትሮች አስኪንትሮች አስኪንትሮች አስኪንትሮች አስኪንትሮች አስኪንትሮች አስኪንትሮች አስኪንትሮች አስኪንትሮ,"[On the corner of Derby Avenue RC Business School and St. George's Anglican Business School, agents were found to have been operating with an explicitly funded daily GH¢60 tonne chase.",0.34677591919898987
"For rural communities in Ghana, especially in the Kumbungu district, access to and use of maternal healthcare services (MHCS) remain a significant challenge. This study set out to explore the specific barriers preventing women from utilizing these services and to evaluate the quality of care provided. The research adopted a mixed-methods approach, combining both quantitative and qualitative data to get a comprehensive view of the situation. This phased design involved surveying 441 pregnant and postpartum women and conducting interviews with 20 healthcare providers. A facility checklist was also used to assess the state of clinics, including the availability of essential drugs and equipment.",academic,[ጋና አገር ከተማ ውስጥ ከሚኖሩ ገበሬዎች ለማትሪካል ኤርጂንስ ስርቪስስ አገልግሎት አቅርቦት እና አጠቃቀም በተለይም በኩምቡንጉ ክልላ አካባቢ በጣም አስቸጋሪ ነው። የሴት ልጆች ከአገልግሎት አጠቃቀም የሚከላከል የተለየ አገልግሎት እንዲሁም አገልግሎት አስገኝያ አገልግሎት አስገኝያ አስገኝያ አስገኝያ አስገኝያ አስገኝያ አስገኝያ አስገኝያ አስገኝያ አስገኝያ አስገኝያ አስገኝያ አስገኝያ አስገኝያ አስገኝያ አስገኝያ አስገኝያ አስገኝያ አስገኝያ አስገኝያ አስገኝያ አስገኝያ አስገኝያ አስገኝያ አስገኝያ አስገኝያ አስገኝያ አስገኝያ አስገኝያ አስገኝያ አስገኝያ አስገኝያ አስገኝያ አስገኝያ አስገኝያ አስገኝያ አስገኝያ አስገኝያ አስገኝያ አስገኝያ አስገኝያ አስገኝያ አስገኝያ አስገኝያ አስገኝያ አስገኝያ አስገኝያ አስገኝያ አስገኝያ አስገኝያ አስገኝያ አስገኝያ አስገኝያ አስገኝያ አስገኝያ አስገኝያ አስገኝያ አስገኝያ አስገኝያ አስገኝያ አስገኝያ አስገኝያ አስገኝያ አስገኝያ አስገኝያ አስገኝያ አስገኝያ አስገኝያ አስገኝያ አስገኝያ አስገኝያ አስገኝያ አስገኝያ አስገኝያ አስገኝያ አስገኝያ አስገኝያ አስገኝያ አስገኝያ አስገኝያ አስገኝያ አስገኝያ አስገኝያ አስገኝያ አስገኝያ አስገኝያ አስገኝያ አስገኝያ አስገኝያ አስገኝያ አስገኝያ አስገኝያ አስገኝያ አስገኝያ አስገኝያ አስገኝያ አስገኝያ አስገኝያ አስገኝያ አስገኝያ አስገኝያ አስገኝያ አስገኝያ አስገኝያ አስገኝያ አስገኝያ አስገኝያ አስገኝያ,"[Ghana is the most difficult country in the world to provide and use the Matriculation Emergency Service, especially in the Khumbu region. A separate service to prevent the use of the service for girls and the service for girls is the service for girls. The service for girls is the service for girls. The service for girls is the service for girls. The service for girls is the service for girls. The service for girls is the service for girls.",0.5463756322860718
"Okonkwo was a man of great renown throughout his nine villages and even beyond, a fame built entirely on his own remarkable achievements. At just eighteen years old, he brought honor to his village by defeating Amalinze the Cat, a legendary wrestler who had been undefeated for seven years. Amalinze earned his nickname because his back never once touched the earth. The old men of the village considered Okonkwo's victory one of the fiercest fights they had ever seen.",literature,[ኦኮንክዎ በአጠቃላይ በዘጠኝ ማህሌት ውስጥ በጣም የታወቀ ሰው ነበረ፣ በኋላም የሚከተለው ከባህሩ በላይ ነበረ። የሚከተለው አዎን በራሱ አስደንጋጭ ስራዎች ላይ ተገንብቶ ነበረ። በአስራ ስምንት ዓመት ብቻ ላይ አማሊንዜ የከተማውን ክብር አሳድሮ ከከተማው ማሊንዜ የከተማውን ክብር አሳድሮ ከከተማው ማሊንዜ የከተማውን ክብር አሳድሮ ከከተማው ማሊንዜ የከተማውን ክብር አሳድሮ ከከተማው ማሊንዜ የከተማውን ክብር አሳድሮ ከከተማው ማሊንዜ የከተማውን ክብር አሳድሮ ከከተማው ማሊንዜ የከተማውን ክብር አሳድሮ ከከተማው ማሊንዜ የከተማውን ክብር አሳድሮ ከከተማው ማሊንዜ የከተማውን ክብር አሳድሮ ከከተማው ማሊንዜ የከተማውን ክብር አሳድሮ ከከተማው ማሊንዜ የከተማውን ክብር አሳድሮ ከከተማው ማሊንዜ የከተማውን ክብር አሳድሮ ከከተማው ማሊንዜ የከተማውን ክብር አሳድሮ ከከተማው ማሊንዜ የከተማውን ክብር አሳድሮ ከከተማው ማሊንዜ የከተማውን ክብር አሳድሮ ከከተማው ማሊንዜ የከተማውን ክብር አሳድሮ ከከተማው ማሊንዜ የከተማውን ክብር አሳድሮ ከከተማው ማሊንዜ የከተማውን ክብር አሳድሮ ከከተማው ማሊንዜ የከተማውን ክብር አሳድሮ ከከተማው ማሊንዜ የከተማውን ክብር አሳድሮ ከከተማው ማሊንዜ የከተማውን ክብር አሳድሮ ከከተማው ማሊንዜ የከተማውን ክብር አሳድሮ ከከተማው ማሊንዜ የከተማውን ክብር አሳድሮ ከከተማው ማሊንዜ የከተማውን ክብር አሳድሮ ከከተማው ማሊንዜ የከተማውን ክብር አሳድሮ ከከተማው ማሊንዜ የከተማውን ክብር አሳድሮ ከከ,"[Okonkwo was the most famous person in the whole nine colonies, and later the next one was over the sea. The next one was built on his own amazing works. At only eighteen years old, Amazinze won the city's glory from the city of Amazinze won the city's glory from the city of Amazinze won the city's glory from the city of Amazinze won the city's glory from the city of Amazinze won the city's glory from the city of Amazinze won the city's glory from the city of Amazinze won the city's glory from the city of Amazinze won the city's glory from the city of Amazinze won the city's glory from the city of Amazinze won the city's glory from the city of Amazinze won the city's glory from the city of Amazinze won the city's glory from the city of Amazinze won the city's glory from the city of Amazinze won the city's glory from the city of Amazinze won the city's glory from the city of Amazinze won the city's glory from the city of the city of the city of the city of the city of the city of the city of the city of the city of the city of the city of the city of the city of the city of the city of the city of the city of the city of the city of the city of the city of the city of the city of the city of the city of the city of the city of the city of the city of the city of the city of the city of the city of the city of the city of the city of the city of the city of the city of the city of the city of the city of the city of the city of the city of the city of the city of the city of the city of the city of the city of the city of the city of the city of the city of the city of the city of the city of the city of the city of the city of the city of the city of the city of the city of the city of the city of the city of the city of the city of the city of the city of the city of the city of the city of the city of the city of the city of the city of the city of the city of the city of the city of the city of the city of the city of the city",0.6191747784614563
"Muntaka assured the committee of full logistical and secretariat support from the Ministry and urged them to partner with civil society organizations, development partners, and faith-based institutions in carrying out their work. He described the task as heavy but honorable, stressing that the people of Gbenyiri and surrounding communities were looking up to the committee as instruments of peace, reconciliation, and healing.",news,[ሙንጣካ ኮሚቴው ከሚኒስቴሩ አጠቃላይ ሎጂስቲክ እና ሲክረቴሪያት ድጋፍ በማገናኘት እንደሚደግፉ አረጋግጧል እና በሥራቸው አካሄድ ላይ ሲቪል ሶሳይቲ ኦርጋናይዜሽንስ፣ አርት ዳቭሎፕመንት ፓርትነሮች እና እምነት ተከላካይ አካዳሚዎች ከሚሸረረባቸው አገልግሎት ጋር አብሮ ለማስተካከል አሳስቧታል። ሥራው ከባለ ክብር በሆነ ክረምት እንደሆነ በገለጸው ላይ ህዝብ ግበንዪሪ እና አቅራቢያ ማህበረሰቦች ከኮሚቴው እንደ ሰላም፣ ማረምና እና ማስተማር አድራጎች እንደሚጠበቅ አሳስቧል።],"[The Muntika Committee confirmed that they will support the linkage of the overall logistics and secretariat support from the Ministry and urged the Civil Society Organizations, Art Development Partners and faith-based academies to coordinate with the service they will cover in the course of their work. In what he described as a glorious winter, the people of Gbanjri and nearby communities were reminded that the Committee would be expected to adopt such practices as peace, rehabilitation and education.]",0.8422844409942627
"The study also shed light on significant facility-based challenges that compromise the quality of care. A key issue was the inadequate number of midwives, which likely contributes to the long queues women reported. Additionally, the absence of essential equipment and drugs was a major problem. For example, health service providers specifically recommended a greater number of trained midwives and the provision of critical logistics like ultrasound machines and proper delivery equipment to ensure effective and high-quality care.",academic,[በማስተዋወቂያው የተነሳው ከተለያዩ ጥበቃ ማስረጃ ቦታዎች የተነሳው አስተማማኝ ችግሮችን በማስተዋወቅ አገልግሏል። አንድ አስተማማኝ ጉዳይ የጠበቃ ማስረጃ ቦታዎች ላይ በጣም ከተነሳው ብዛት የተለያዩ ጥበቃ ማስረጃ ቦታዎች ላይ በጣም ከተነሳው ብዛት የተለያዩ ጥበቃ ማስረጃ ቦታዎች ላይ በጣም ከተነሳው ብዛት የተለያዩ ጥበቃ ማስረጃ ቦታዎች ላይ በጣም ከተነሳው ብዛት የተለያዩ ጥበቃ ማስረጃ ቦታዎች ላይ በጣም ከተነሳው ብዛት የተለያዩ ጥበቃ ማስረጃ ቦታዎች ላይ በጣም ከተነሳው ብዛት የተለያዩ ጥበቃ ማስረጃ ቦታዎች ላይ በጣም ከተነሳው ብዛት የተለያዩ ጥበቃ ማስረጃ ቦታዎች ላይ በጣም ከተነሳው ብዛት የተለያዩ ጥበቃ ማስረጃ ቦታዎች ላይ በጣም ከተነሳው ብዛት የተለያዩ ጥበቃ ማስረጃ ቦታዎች ላይ በጣም ከተነሳው ብዛት የተለያዩ ጥበቃ ማስረጃ ቦታዎች ላይ በጣም ከተነሳው ብዛት የተለያዩ ጥበቃ ማስረጃ ቦታዎች ላይ በጣም ከተነሳው ብዛት የተለያዩ ጥበቃ ማስረጃ ቦታዎች ላይ በጣም ከተነሳው ብዛት የተለያዩ ጥበቃ ማስረጃ ቦታዎች ላይ በጣም ከተነሳው ብዛት የተለያዩ ጥበቃ ማስረጃ ቦታዎች ላይ በጣም ከተነሳው ብዛት የተለያዩ ጥበቃ ማስረጃ ቦታዎች ላይ በጣም ከተነሳው ብዛት የተለያዩ ጥበቃ ማስረጃ ቦታዎች ላይ በጣም ከተነሳው ብዛት የተለያዩ ጥበቃ ማስረጃ ቦታዎች ላይ በጣም ከተነሳው ብዛት የተለያዩ ጥበቃ ማስረጃ ቦታዎች ላይ በጣም ከተነሳው ብዛት የተለያዩ ጥበቃ ማስረጃ ቦታዎች ላይ በጣም ከተነሳው ብዛት የተለያዩ ጥበቃ ማስረጃ ቦታዎች ላይ በጣም ከተነሳው,[The introduction of the invention served to introduce the reliability problems posed by the different protection evidence sites. A reliable case was raised in the most numerous protection evidence sites in the most numerous protection evidence sites in the most numerous protection evidence sites in the most numerous protection evidence sites in the most numerous protection evidence sites in the most numerous protection evidence sites in the most numerous protection evidence sites in the most numerous protection evidence sites in the most numerous protection evidence sites in the most numerous protection evidence sites in the most numerous protection evidence sites in the most numerous protection evidence sites in the most numerous protection evidence sites in the most numerous protection evidence sites in the most numerous protection evidence sites in the most numerous protection evidence sites in the most numerous protection evidence sites in the most numerous protection evidence sites in the most numerous protection evidence sites in the most numerous protection evidence sites in the most numerous protection evidence sites in the most numerous protection evidence sites in the most numerous protection evidence sites in the most numerous protection evidence sites in the most numerous protection evidence sites in the most numerous protection evidence sites in the most numerous protection evidence sites in the most numerous protection evidence sites in the most numerous protection evidence sites in the most numerous protection evidence sites in the most numerous protection evidence sites in the most numerous protection evidence sites in the most numerous protection evidence sites in the most numerous protection evidence sites in the most numerous protection evidence sites in the most numerous protection evidence sites in the most numerous protection evidence sites in the most numerous protection sites in the most numerous protection evidence sites in the most diverse areas in the most diverse areas in the most diverse areas in the most diverse areas in the most diverse areas in the most diverse areas in the most diverse areas in the most diverse areas in the most diverse areas in the most diverse areas in the most diverse areas in the most diverse areas of the most diverse areas of the most of the most of the most of the most of the most of the most of the most of the most of the most of the most of the most of the most of the most of the most of the most of the most of the most of the most of the most of the most of the most of the most of the most of the most of the most of the most,0.16255079209804535
"Okonkwo was an imposing figure, tall and massive with a severe expression, a result of his bushy eyebrows and wide nose. His breathing was so heavy that his family could hear it from their own houses when he slept. When he walked, his heels barely touched the ground, making him seem poised to pounce on someone—which he often did. He had a slight stammer, and in moments of anger, he would resort to his fists when words failed him. He had no patience for men who were not successful, and this sentiment stemmed from his deep-seated shame for his own father.",literature,[ኦኮንክዎ አስደንጋጭ ተስፋ ነበረ። ከፍታው ከፍታው ነበረ፣ ከፍታው ነበረ፣ ከፍታው ነበረ፣ ከፍታው ነበረ፣ ከፍታው ነበረ፣ ከፍታው ነበረ፣ ከፍታው ነበረ፣ ከፍታው ነበረ፣ ከፍታው ነበረ፣ ከፍታው ነበረ፣ ከፍታው ነበረ፣ ከፍታው ነበረ፣ ከፍታው ነበረ፣ ከፍታው ነበረ፣ ከፍታው ነበረ፣ ከፍታው ነበረ፣ ከፍታው ነበረ፣ ከፍታው ነበረ፣ ከፍታው ነበረ፣ ከፍታው ነበረ፣ ከፍታው ነበረ፣ ከፍታው ነበረ፣ ከፍታው ነበረ፣ ከፍታው ነበረ፣ ከፍታው ነበረ፣ ከፍታው ነበረ፣ ከፍታው ነበረ፣ ከፍታው ነበረ፣ ከፍታው ነበረ፣ ከፍታው ነበረ፣ ከፍታው ነበረ፣ ከፍታው ነበረ፣ ከፍታው ነበረ፣ ከፍታው ነበረ፣ ከፍታው ነበረ፣ ከፍታው ነበረ፣ ከፍታው ነበረ፣ ከፍታው ነበረ፣ ከፍታው ነበረ፣ ከፍታው ነበረ፣ ከፍታው ነበረ፣ ከፍታው ነበረ፣ ከፍታው ነበረ፣ ከፍታው ነበረ፣ ከፍታው ነበረ፣ ከፍታው ነበረ፣ ከፍታው ነበረ፣ ከፍታው ነበረ፣ ከፍታው ነበረ፣ ከፍታው ነበረ፣ ከፍታው ነበረ፣ ከፍታው ነበረ፣ ከፍታው ነበረ፣ ከፍታው ነበረ፣ ከፍታው ነበረ፣ ከፍታው ነበረ፣ ከፍታው ነበረ፣ ከፍታው ነበረ፣ ከፍታው ነበረ፣ ከፍታው ነበረ፣ ከፍታው ነበረ፣ ከፍታው ነበረ፣ ከፍታው ነበረ፣ ከፍታው ነበረ፣ ከፍታው ነበረ፣ ከፍታው ነበረ፣ ከፍታው ነበረ፣ ከፍታው ነበረ፣ ከፍታው ነበረ፣ ከፍታው ነበረ፣ ከፍታው ነበረ፣ ከፍታው ነበረ፣ ከፍታው ነበረ፣ ከፍታው ነበረ፣ ከፍታው ነበረ፣ ከፍታው ነበረ፣ ከፍታው ነበረ፣ ከፍታው ነበረ፣ ከፍታው ነበረ፣ ከፍታው ነበረ፣ ከፍታው ነበረ፣ ከፍታው,"[Okonkwo's] promise was a shocking one. It was high, it was high, it was high, it was high, it was high, it was high, it was high, it was high, it was high, it was high, it was high, it was high, it was high, it was high, it was high, it was high, it was high, it was high, it was high, it was high, it was high, it was high, it was high, it was high, it was high, it was high, it was high, it was high, it was high, it was high, it was high, it was high, it was high, it was high, it was high, it was high, it was high, it was high, it was high, it was high, it was high, it was high, it was high, it was high, it was high, it was high, it was high, it was high, it was high, it was high, it was high, it was high, it was high, it was high, it was high, it was high, it was high, it was high, it was high, it was high, it was high, it was high, it was high, it was, it was, it was, it was, it was, it was, it was, it was, it was, it was, it was, it was, it was, it was, it was, it was, it was, it was, it was, it was, it was, it was, it was, it was, it was, it was, it was, it was, it was, it was, it was, it was, it was, it was, it was, it was, it was, it was, it was, it was, it was, it was, it was, it was, it was, it was, it was, it was, it was, it was, it was, it was, it was, it was, it was, it was, it was, it was, it was, it was, it was, it was, it was, it was, it was, it was, it was, it was, it was, it was, it was, it was, it was, it was, it was, it was, it was, it was, it was, it was, it was, it",0.5041087865829468
"The West African Examinations Council (WAEC) says officials implicated in acts of corruption during the Basic Education Certificate Examination (BECE) will be blacklisted from ever taking part in its activities again. Speaking on JoyNews’ PM Express on September 8, WAEC’s Director of Public Affairs, John Kapi, said the Council cannot continue to work with individuals who have betrayed the trust placed in them during national examinations.",news,[የምዕራብ አፍሪካ ፈተናዎች ኮንስል (WAEC) አጠቃላይ ትምህርት ማረጋገጫ ፈተና (BECE) ላይ በሙስና እስከርክሮች የተከሳሳው አስተዳዳሪዎች ከአሁን ለዘላለም ከአንድ አካል የሆነው አካል አባላት እንደሆኑ ይጠረጣሉ ብሏል። ሴፕቴምበር 8 ላይ ጆይ ኒውስ አስተዳዳሪው ጆን ካፒ በአስተዳዳሪው አስተዳዳሪው አስተዳዳሪው አስተዳዳሪው አስተዳዳሪው አስተዳዳሪው አስተዳዳሪው አስተዳዳሪው አስተዳዳሪው አስተዳዳሪው አስተዳዳሪው አስተዳዳሪው አስተዳዳሪው አስተዳዳሪው አስተዳዳሪው አስተዳዳሪው አስተዳዳሪው አስተዳዳሪው አስተዳዳሪው አስተዳዳሪው አስተዳዳሪው አስተዳዳሪው አስተዳዳሪው አስተዳዳሪው አስተዳዳሪው አስተዳዳሪው አስተዳዳሪው አስተዳዳሪው አስተዳዳሪው አስተዳዳሪው አስተዳዳሪው አስተዳዳሪው አስተዳዳሪው አስተዳዳሪው አስተዳዳሪው አስተዳዳሪው አስተዳዳሪው አስተዳዳሪው አስተዳዳሪው አስተዳዳሪው አስተዳዳሪው አስተዳዳሪው አስተዳዳሪው አስተዳዳሪው አስተዳዳሪው አስተዳዳሪው አስተዳዳሪው አስተዳዳሪው አስተዳዳሪው አስተዳዳሪው አስተዳዳሪው አስተዳዳሪው አስተዳዳሪው አስተዳዳሪው አስተዳዳሪው አስተዳዳሪው አስተዳዳሪው አስተዳዳሪው አስተዳዳሪው አስተዳዳሪው አስተዳዳሪው አስተዳዳሪው አስተዳዳሪው አስተዳዳሪው አስተዳዳሪው አስተዳዳሪው አስተዳዳሪው አስተዳዳሪው አስተዳዳሪው አስተዳዳሪው አስተዳዳሪው አስተዳዳሪው አስተዳዳሪው አስተዳዳሪው አስተዳዳሪው አስተዳዳሪው አስተዳዳሪው አስተ,"[The West African Examinations Council (WAEC) General Educational Certification Examination (BECE) said that managers accused of corruption and malpractice will henceforth be suspected of being members of the same body. On September 8, Joy News manager John Cappie was named the new CEO of the company, which is headed by former CEO John Cappie.",0.5345560908317566
"The study found that while a high percentage of women did engage with some maternal health services—87.5% attended antenatal care (ANC), 87.3% had a skilled delivery, and 84.8% had a postnatal care (PNC) visit—the frequency of care was a concern. A little over half of the participants (53.4%) had the recommended four or more ANC visits, and nearly half (46.9%) didn't register until their second trimester. These figures highlight a gap between initial access and consistent, timely utilization of services, suggesting that women may be facing obstacles that prevent them from fully engaging with the healthcare system throughout their pregnancies.",academic,[የጥናቱ አስተያየት እንደሚነገረው በሴቶች ብዛት የማንኛውም የእናት ጤና አገልግሎቶች ጋር ተሳትፈዋል—87.5% የአንቴናታል ኤንሲ አገልግሎት አገኙ፣ 87.3% አገልግሎት አገኙ፣ እና 84.8% የፖስትናታል ኤንሲ አገኙ፣ አገልግሎት አገኙ፣ አገልግሎት አገልግሎት አገልግሎት አገልግሎት አገልግሎት አገልግሎት አገልግሎት አገልግሎት አገልግሎት አገልግሎት አገልግሎት አገልግሎት አገልግሎት አገልግሎት አገልግሎት አገልግሎት አገልግሎት አገልግሎት አገልግሎት አገልግሎት አገልግሎት አገልግሎት አገልግሎት አገልግሎት አገልግሎት አገልግሎት አገልግሎት አገልግሎት አገልግሎት አገልግሎት አገልግሎት አገልግሎት አገልግሎት አገልግሎት አገልግሎት አገልግሎት አገልግሎት አገልግሎት አገልግሎት አገልግሎት አገልግሎት አገልግሎት አገልግሎት አገልግሎት አገልግሎት አገልግሎት አገልግሎት አገልግሎት አገልግሎት አገልግሎት አገልግሎት አገልግሎት አገልግሎት አገልግሎት አገልግሎት አገልግሎት አገልግሎት አገልግሎት አገልግሎት አገልግሎት አገልግሎት አገልግሎት አገልግሎት አገልግሎት አገልግሎት አገልግሎት አገልግሎት አገልግሎት አገልግሎት አገልግሎት አገልግሎት አገልግሎት አገልግሎት አገልግሎት አገልግሎት አገልግሎት አገልግሎት አገልግሎት አገልግሎት አገልግሎት አገልግሎት አገልግሎት አገልግሎት አገልግሎት አገልግሎት አገልግሎት አገልግሎት አገልግሎት አገልግሎት አገልግሎት አገልግሎት አገልግሎት አገልግሎት አገል,"[The study's opinion is that women participated in any number of maternal health services: 87.5% received antenatal NC services, 87.3% received services, and 84.8% received postnatal NC services, received services, received services, received services, received services, received services, received services, received services, received services, received services, received services, received services, received services, received services, received services, received services, received services, received services, received services, received services, received services, received services, received services, received services, received services, received services, received services, received services, received services, received services, received services, received services, received services, received services, received services, received services, received services, received services, received services, received services, received services, received services, received services, received services, received services, received services, received services, received services, received services, received services, received services, received services, received services, received services, received services, received services, received services, received services, received services, received services, received services, received services, received services, received services, received services, received services, received services, received services, received services, received services, received services, received services, received services, received services, received services, received services, services, services, services, services, services, services, services, services, services, services, services, services, services, services, services, services, services, services, services, services, services, services, services, services, services, services, services, services, services, services, services, services, services, services, services, services, services, services, services, services, services, services, services, services, services, services, services, services, services, services, services, services, services, services, services, services, services, services, services, services, services, services, services, services, services, services, services, services, services, services, services, services, services, services, services, services, services, services, services, services, services, services, services, services, services, services, services, services, services, services, services, services, services, services, services, services, services, services, services, services, services, services, services, services, services, services, services, services, services, services, services, services, services, services, services, services, services, services, services, services, services,",0.6986062526702881
"The crowd held its breath as the drums beat and the flutes sang. Amalinze was a clever opponent, but Okonkwo was just as skilled, and as slippery as a fish in water. Both men were incredibly strong, their muscles and nerves straining to the point of almost breaking. But in the end, Okonkwo emerged victorious. This monumental win was just the beginning of his legacy. Over the next twenty years, his fame spread like a wildfire, fueled by his unwavering resolve and personal triumphs.",literature,[ህዝቡ አንድ አንድ አለቀረፈው እንደሚሰማው ድምጽ እና አልጋ ወደቀው እንደሚሰማው ስሜት አማሊንዘ በጣም ተረኛ ተዋጊ ነበር ነገር ግን ኦኮንክወ ተመሳሳይ አስተሳሳይ እና እንደ ውሃ ውስጥ አሳሳይ ነበር ሁለቱም ሰዎች አስጊ አስተሳሳይ ነበሩ እና አንድ አንድ አለቀረፈው እንደሚሰማው ድምጽ እና አልጋ ወደቀው እንደሚሰማው ስሜት አማሊንዘ በጣም ተረኛ ተዋጊ ነበር ነገር ግን ኦኮንክወ ተመሳሳይ አስተሳሳይ እና እንደ ውሃ ውስጥ አሳሳይ ነበር ሁለቱም ሰዎች አስጊ አስተሳሳይ ነበሩ እና አንድ አንድ አለቀረፈው እንደሚሰማው ድምጽ እና አልጋ ወደቀው እንደሚሰማው ስሜት አማሊንዘ በጣም ተረኛ ተዋጊ ነበር ነገር ግን ኦኮንክወ ተመሳሳይ አስተሳሳይ እና እንደ ውሃ ውስጥ አሳሳይ ነበር ሁለቱም ሰዎች አስጊ አስተሳሳይ ነበሩ እና አንድ አንድ አለቀረፈው እንደሚሰማው ድምጽ እና አልጋ ወደቀው እንደሚሰማው ስሜት አማሊንዘ በጣም ተረኛ ተዋጊ ነበር ነገር ግን ኦኮንክወ ተመሳሳይ አስተሳሳይ እና እንደ ውሃ ውስጥ አሳሳይ ነበር ሁለቱም ሰዎች አስጊ አስተሳሳይ ነበሩ እና አንድ አንድ አለቀረፈው እንደሚሰማው ድምጽ እና አልጋ ወደቀው እንደሚሰማው ስሜት አማሊንዘ በጣም ተረኛ ተዋጊ ነበር ነገር ግን ኦኮንክወ ተመሳሳይ አስተሳሳይ እና እንደ ውሃ ውስጥ አሳሳይ ነበር ሁለቱም ሰዎች አስጊ አስተሳሳይ ነበሩ እና አንድ አንድ አለቀረፈው እንደሚሰማው ድምጽ እና አልጋ ወደቀው እንደሚሰማው ስሜት አማሊንዘ በጣም ተረኛ ተዋጊ ነበር ነገር ግን ኦኮንክወ ተመሳሳይ አስተሳሳይ እና እንደ ውሃ ውስ,"[The people were one and the same sound and the feeling of falling into bed, and Amalinez was a very brave warrior, but Okonkwo was the same sound and the feeling of falling into the water, and both men were very brave warrior, but Okonkwo was the same sound and the feeling of falling into the water, and both men were very brave warrior, but Okonkwo was the same sound and the feeling of falling into the water, and both men were very brave warrior, but Okonkwo was the same sound and the feeling of falling into the water, and both men were very brave warrior, but Okonkwo was the same sound and the feeling of falling into the water, and both men were very brave warrior, but both men were very brave warrior, but both men were very brave warrior, but both men were very brave warrior, but both men were very brave warrior, and both men were very brave warrior, and both men were very brave warrior, and both men were very brave warrior, and both men were very brave warrior, but both men were very brave warrior, but both men were very brave warrior, and both men were very brave warrior, but both men were very brave warrior, and both men were very brave warrior, and both people were very brave warrior, and both people were very brave warrior, and both people were very brave, and both people, and both of the same sound and the same sound and the feeling of falling into the water, and the same sound and the feeling of falling into the water, and the same sound and the feeling of falling into the water, and the same sound and the feeling of falling into the same thing, and the same thing was the same thing was the same thing was the feeling of the same thing, and the same thing was the same, the same, the same, the same was the feeling of the same, the same was the same, the feeling of the same was the same, the was the same, the was the was the same, the was the was the same, the was the feeling of the was the same, the was the same, the was the was the was the same, the was the was the was the was the same, the was the was the same, the was the was the was the was the was the was the was the was the was",0.43010061979293823
"The seven-member mediation committee will be chaired by Mr. Emmanuel Habuka Bombande. Other members of the committee include Alhaji Collins Dauda (MP and chair of the Committee on Lands and Natural Resource in Parliament), Rev. Father Lazarus Annyere (Chair of Savannah Regional Peace Council), Dr. Festus Aubyn (West Africa Network for Peace-building), Sylvia Hormane Noagbesenu Esq (Ag. Director of Women, Youth, Peace and Security Institute, Kofi Annan International Peacekeeping Training Center), Prof. Ramatu Alhassan and Dr. George Amoh (Ex. Sec. NPC) who will be the secretary.",news,"[ሰባት አባላት ያላቸው ለስምምነት አማቆቻልንት ኮሚቴ አቶ ኢማኑኤል ሐቡካ ቦምባንዴ የኮሚቴውን ሊቀመንበር ሆኖ ይመራል። ኮሚቴው ሌሎች አባላት አልሐጂ ኮሊንስ ዳውዳ (አባል ምክር ቤት እና የምድር እና ልማድ ኮሚቴ ሊቀመንበር በፓርላማ), አባ ላዛረስ አንይሬ (ሳቫና ክልል ሰላም ኮንስል ሊቀመንበር), ዶ/ር ፈስጠስ አውቢን (ምዕራብ አፍሪካ ሰላም አሰራር ነትወርክ), ስልቪያ ሆርማን ኖአግበሰኑ እስክ (ሴት፣ ህፃናት፣ ሰላም እና ደህንነት ኢንስቲትዩት፣ ኮፊ አናን አለም አቀፍ ሰላም አሰራር ማሰልጠኛ ማዕከል አርአያ ዳይሬክተር), ፕሮፌሰር ራማቱ አልሐሰን እና ዶ/ር ጂኦርጅ አሞህ (ኤክስ ሴክ NPC) አስተማሪ ሆኖ ይገኛል።]","[The seven-member mediation committee for the agreement is chaired by Mr. Emmanuel Habuka Bombande as the chairman of the committee. The committee also includes Alhaji Collins Dawda (Member of the Council and Chairman of the Land and Customs Committee in Parliament), Abba Lazarus Anire (Chairman of the Savannah Region Peace Council), Dr. Feshet Abbin (West Africa Peace Processing Network), Sylvia Horman Nogabessun Esek (Women, Children, Peace and Security Institute, Cofi Annan International Peace Processing Training Center), Professor Rama Rahson and Dr. Altu Aghmo (NPC) as the lecturers.]",0.949005126953125
"To improve maternal health in the Kumbungu district, both study participants and service providers offered actionable recommendations. Women suggested focusing on public education about maternal care, enforcing free MHCS, and improving the local road network to make facilities more accessible. Providers emphasized the need for more midwives and better equipment. The study concludes that both governmental and non-governmental organizations must increase investment in maternal health and address the broader socioeconomic issues affecting women. This comprehensive approach, tackling both healthcare system deficiencies and community-level barriers, is essential for truly improving maternal health outcomes.",academic,[ኩምቡንጉ ክልላ ውስጥ እናትነት ጤንነትን ለማሻሻል በማለፊያ አካላትና አገልግሎት አቅራቢዎች አንድ አንድ ማንኛውም አስተዋጽኦ ምክረ ሀሳቦችን አቅርበዋል። ሴትነት ጤንነት ስለዚህ የህዝብ ትምህርትን ማሰማት፣ ነጻ እናትነት ጤንነት አገልግሎትን ማስከበር፣ እና የአካባቢ መንገድ አቅርቦትን ማሻሻል እንዲሁም ጣቢያዎችን በተለይ ለሴቶች አቅራቢዎች የሚያስተናግዱ ማረጋገጥ ላይ አቅርበዋል። አገልግሎት አቅራቢዎች እናትነት ጤንነት አገልግሎት ላይ በተለይ በሚድወይትና በተሻለ አስተዋጽኦ ላይ እንዲሁም በማረጋገጥ ላይ አቅርበዋል። ጥናቱ እናትነት ጤንነትን ለማሻሻል ከመንግስት አካላትና ከአገልግሎት አቅራቢዎች አንድ አንድ ማንኛውም አስተዋጽኦ ምክረ ሀሳቦችን አቅርበዋል። ሴትነት ጤንነት ስለዚህ የህዝብ ትምህርትን ማሰማት፣ ነጻ እናትነት ጤንነት አገልግሎትን ማስከበር፣ እና የአካባቢ መንገድ አቅርቦትን ማሻሻል እንዲሁም ጣቢያዎችን በተለይ ለሴቶች አቅራቢዎች የሚያስተናግዱ ማረጋገጥ ላይ አቅርበዋል። አገልግሎት አቅራቢዎች እናትነት ጤንነት አገልግሎት ላይ በተለይ በሚድወይትና በተሻለ አስተዋጽኦ ላይ እንዲሁም በማረጋገጥ ላይ አቅርበዋል። ጥናቱ እናትነት ጤንነትን ለማሻሻል ከመንግስት አካላትና ከአገልግሎት አቅራቢዎች አንድ አንድ ማንኛውም አስተዋጽኦ ምክረ ሀሳቦችን አቅርበዋል።],[The study provided recommendations from government agencies and service providers on how to improve maternal health in the Khumbu region. The study provided recommendations from government agencies and service providers on how to improve maternal health in the region. The study also provided recommendations from government agencies and service providers on how to improve maternal health in the region. The study also provided recommendations from government agencies and service providers on how to improve maternal health in the region.,0.8244982361793518
"Unoka, Okonkwo's father, had passed away ten years prior. He was a man known for his laziness and carelessness, living only for the present with no thought for the future. Any money he managed to acquire—which was a rare occurrence—he would immediately spend on palm-wine, gathering his neighbors for a celebration. He believed that to see a dead man's mouth was to see the foolishness of not eating what you had in life. Unoka was also deeply in debt, owing money to nearly every one of his neighbors.",literature,[አንኮካ፣ ኦኮንክወኦ አባት፣ አስር አመታት በፊት አረፈ። እርካን እና አስተዋይነት በማንኛውም አይነት ስራ ላይ አልተሳካም እንደሚባል የሚታወቀው ሰው ነበረ። እርሱ ብቻውን በአሁኑ ሰአት ላይ እንደሚኖር እና ለወደፊቱ አስተዋይነት እንደሌለው ይታወቃል። ማንኛውም ገንዘብ እንደሚገኝበት አንድም አይነት አልታወቀም እንደሚገኝበት የገንዘብ ማንኛውም አይነት እንደሚገኝበት አንድም አይነት አልታወቀም እንደሚገኝበት አንድም አይነት አልታወቀም እንደሚገኝበት አንድም አይነት አልታወቀም እንደሚገኝበት አንድም አይነት አልታወቀም እንደሚገኝበት አንድም አይነት አልታወቀም እንደሚገኝበት አንድም አይነት አልታወቀም እንደሚገኝበት አንድም አይነት አልታወቀም እንደሚገኝበት አንድም አይነት አልታወቀም እንደሚገኝበት አንድም አይነት አልታወቀም እንደሚገኝበት አንድም አይነት አልታወቀም እንደሚገኝበት አንድም አይነት አልታወቀም እንደሚገኝበት አንድም አይነት አልታወቀም እንደሚገኝበት አንድም አይነት አልታወቀም እንደሚገኝበት አንድም አይነት አልታወቀም እንደሚገኝበት አንድም አይነት አልታወቀም እንደሚገኝበት አንድም አይነት አልታወቀም እንደሚገኝበት አንድም አይነት አልታወቀም እንደሚገኝበት አንድም አይነት አልታወቀም እንደሚገኝበት አንድም አይነት አልታወቀም እንደሚገኝበት አንድም አይነት አልታወቀም እንደሚገኝበት አንድም አይነት አልታወቀም እንደሚገኝበት አንድም አይነት አልታወቀም እንደሚገኝበት አ,"[Ancocca, the father of Okonkwo, died ten years ago. He was a man known for his contentment and rational thinking, and for his failure in any work. He was known to live only in the present and not to think about the future. He was known to be a man of no fixed future, where any money could be found.",0.6350682973861694
